Date,Content
2021-08-04,https://boxd.it/YiZXT
2022-01-07,https://boxd.it/2qbaJd
2022-04-12,https://boxd.it/2JVWtF
2022-04-22,https://boxd.it/2KSoez
2022-05-13,https://boxd.it/2PIRdF
2022-09-16,https://boxd.it/11eTen
2022-09-16,https://boxd.it/10o2WH
2022-09-16,https://boxd.it/uyQz1
2022-09-16,https://boxd.it/tVHrf
2022-09-22,https://boxd.it/2QbJ8v
2022-09-22,https://boxd.it/34LM2X
2022-09-26,https://boxd.it/b0jE9
2022-10-01,https://boxd.it/3h8iN9
2022-10-03,https://boxd.it/3hHVTv
2022-10-03,https://boxd.it/3hIgG3
2022-10-15,https://boxd.it/3k6V5N
2022-10-17,https://boxd.it/3kAvbF
2022-11-03,https://boxd.it/3okobn
2022-11-06,https://boxd.it/3oTzUN
2022-12-05,https://boxd.it/3uNXCF
2022-12-22,https://boxd.it/3yHrjZ
2022-12-30,https://boxd.it/2S0Nm3
2023-01-07,https://boxd.it/3EmFKR
2023-01-08,https://boxd.it/3F26XZ
2023-01-10,https://boxd.it/3FIkGx
2023-01-15,https://boxd.it/2LeDMZ
2023-02-12,https://boxd.it/3Qub8d
2023-02-12,https://boxd.it/3Km6zX
2023-03-04,https://boxd.it/3VG7ED
2023-03-12,https://boxd.it/3XOAFz
2023-06-17,https://boxd.it/4nTGVx
2023-07-24,https://boxd.it/4w5udz
2023-07-24,https://boxd.it/4xxpv9
2023-07-28,https://boxd.it/4Bd2BJ
2023-07-31,https://boxd.it/fx4Sx
2023-07-31,https://boxd.it/cr02j
2023-07-31,https://boxd.it/bQE8R
2023-07-31,https://boxd.it/aEMgB
2023-08-02,https://boxd.it/OBFsT
2023-08-04,https://boxd.it/3YumH1
2023-08-04,https://boxd.it/3ecTOz
2023-08-04,https://boxd.it/3jW1Jn
2023-08-04,https://boxd.it/3lBfM7
2023-08-04,https://boxd.it/3cq1cL
2023-08-04,https://boxd.it/4yrdSH
2023-08-08,https://boxd.it/4ETasL
2023-08-08,https://boxd.it/4ESZsP
2023-08-11,https://boxd.it/iWlIh
2023-08-11,https://boxd.it/dkzh
2023-08-11,https://boxd.it/1SRSxX
2023-08-12,https://boxd.it/OepeP
2023-08-12,https://boxd.it/lDWsJ
2023-08-12,https://boxd.it/4uYHav
2023-08-12,https://boxd.it/3NbxH5
2023-08-12,https://boxd.it/3HV48X
2023-08-12,https://boxd.it/H5pUF
2023-08-12,https://boxd.it/iGC13
2023-08-12,https://boxd.it/1rejM3
2023-08-12,https://boxd.it/3kepjJ
2023-08-12,https://boxd.it/3KO78f
2023-08-12,https://boxd.it/3t14N9
2023-08-13,https://boxd.it/sIzjd
2023-08-13,https://boxd.it/IQNeL
2023-08-13,https://boxd.it/uvAsx
2023-08-13,https://boxd.it/av0lb
2023-08-14,https://boxd.it/2OraE1
2023-08-14,https://boxd.it/2NZifR
2023-08-14,https://boxd.it/2LgnAn
2023-08-14,https://boxd.it/2MDr0D
2023-08-15,https://boxd.it/kogCD
2023-08-15,https://boxd.it/fkEv9
2023-08-15,https://boxd.it/2R1IpJ
2023-12-12,https://boxd.it/5j4Utn
2023-12-13,https://boxd.it/1ewSlF
2023-12-19,https://boxd.it/5lIwxD
2023-12-31,https://boxd.it/5rTwq9
2024-01-10,https://boxd.it/NIWMV
2024-01-10,https://boxd.it/1Fs2gX
2024-01-10,https://boxd.it/1f1xkN
2024-01-12,https://boxd.it/5x6f55
2024-01-13,https://boxd.it/5cP0bN
2024-01-17,https://boxd.it/5B5nsP
2024-02-09,https://boxd.it/5MNoAd
2024-02-10,https://boxd.it/5Nostf
2024-02-11,https://boxd.it/5NNwWb
2024-02-13,https://boxd.it/5OPOWB
2024-02-13,https://boxd.it/40DSPx
2024-02-13,https://boxd.it/kwZEl
2024-02-14,https://boxd.it/5Pu9ZV
2024-02-14,https://boxd.it/17E6sV
2024-02-21,https://boxd.it/5SO63B
2024-02-27,https://boxd.it/5VjUq1
2024-02-28,https://boxd.it/5VXPoJ
2024-02-28,https://boxd.it/RJRYF
2024-02-28,https://boxd.it/1gsbVv
2024-02-28,https://boxd.it/1417N1
2024-02-28,https://boxd.it/zEHh5
2024-02-29,https://boxd.it/5We4NB
2024-03-04,https://boxd.it/5Y9UAx
2024-03-05,https://boxd.it/5YSMpV
2024-03-06,https://boxd.it/5Zgvm9
2024-03-07,https://boxd.it/5Zz2UT
2024-03-19,https://boxd.it/658kvn
2024-03-20,https://boxd.it/65LK2J
2024-03-20,https://boxd.it/60mRrB
2024-03-21,https://boxd.it/16bIpt
2024-03-21,https://boxd.it/183p3b
2024-04-01,https://boxd.it/6b90RJ
2024-04-09,https://boxd.it/6f01Tz
2024-04-18,https://boxd.it/6ifX3X
2024-04-19,https://boxd.it/6iGXbL
2024-04-21,https://boxd.it/6jhcKt
2024-04-28,https://boxd.it/6m1A21
2024-04-28,https://boxd.it/6m0Qnx
2024-05-05,https://boxd.it/6pCk9L
2024-05-10,https://boxd.it/6rp4Jb
2024-05-22,https://boxd.it/6vRx3Z
2024-05-24,https://boxd.it/6x67cF
2024-05-24,https://boxd.it/6wVaNn
2024-05-29,https://boxd.it/4AUOLz
2024-05-29,https://boxd.it/5545cJ
2024-05-29,https://boxd.it/11C8wd
2024-05-29,https://boxd.it/QLRKD
2024-05-29,https://boxd.it/QL27b
2024-05-31,https://boxd.it/6zWW7D
2024-06-06,https://boxd.it/2xwzOx
2024-06-09,https://boxd.it/6q1cKf
2024-06-09,https://boxd.it/6e9o8l
2024-06-09,https://boxd.it/2SCYwp
2024-06-11,https://boxd.it/MXcwt
2024-06-13,https://boxd.it/6F4Kar
2024-06-29,https://boxd.it/5MbCh
2024-06-29,https://boxd.it/1uHAdT
2024-06-30,https://boxd.it/6DZ2Nb
2024-07-04,https://boxd.it/6Nm4dL
2024-07-09,https://boxd.it/6PyCp9
2024-07-10,https://boxd.it/6PLpIX
2024-07-12,https://boxd.it/6QTVV5
2024-07-19,https://boxd.it/6TZljD
2024-08-02,https://boxd.it/70nKzX
2024-08-18,https://boxd.it/5fdy8f
2024-08-18,https://boxd.it/3JKcYj
2024-08-18,https://boxd.it/3liGEB
2024-08-22,https://boxd.it/3YlBc5
2024-08-22,https://boxd.it/4MpDWd
2024-08-22,https://boxd.it/4X4Glr
2024-09-08,https://boxd.it/7h4FDv
2024-12-02,https://boxd.it/7WAMIv
2024-12-20,https://boxd.it/6g2fTr
2024-12-20,https://boxd.it/6fsgsp
2024-12-21,https://boxd.it/86sF0P
2025-01-04,https://boxd.it/8iWAuj
2025-01-07,https://boxd.it/5GAOTP
2025-01-07,https://boxd.it/2426T3
2025-01-07,https://boxd.it/1zh9iZ
2025-01-07,https://boxd.it/22G9hD
2025-01-11,https://boxd.it/8q6vph
2025-01-25,https://boxd.it/8Bx2cB
2025-02-02,https://boxd.it/8GNSoB
2025-02-04,https://boxd.it/8IeeqF
2025-02-05,https://boxd.it/8IO7c9
2025-02-09,https://boxd.it/8Mr1Rv
2025-02-09,https://boxd.it/8L9K7x
2025-02-09,https://boxd.it/8KZoLZ
2025-03-12,https://boxd.it/966SWV
2025-04-26,https://boxd.it/9wmGn1
2025-05-13,https://boxd.it/9EtrKb
2025-05-14,https://boxd.it/21E71Z
2025-06-15,https://boxd.it/9ZXhYB
2025-06-24,https://boxd.it/a6tEpR
2025-07-05,https://boxd.it/abJXMR
2025-07-15,https://boxd.it/ajuq9J
2025-07-21,https://boxd.it/apUgft
2025-07-26,https://boxd.it/2YwNVl
2025-08-06,https://boxd.it/aCHQhV
2025-10-20,https://boxd.it/2zh02r
2025-10-20,https://boxd.it/5jojSl
2025-12-02,https://boxd.it/5QUvSt
2025-12-15,https://boxd.it/b0QtvJ
2025-12-15,https://boxd.it/bL2I7v
2025-12-23,https://boxd.it/cbpR91
2025-12-28,https://boxd.it/cg3cT9
2025-12-31,https://boxd.it/axW7xJ
2025-12-31,https://boxd.it/axDVpR
2025-12-31,https://boxd.it/iwsgR
2026-01-02,https://boxd.it/4WHwXJ
2026-01-09,https://boxd.it/1SstOT
2026-01-09,https://boxd.it/10MFP
2026-01-09,https://boxd.it/1oI9tt
2026-01-15,https://boxd.it/cD1uPd
2026-01-26,https://boxd.it/bzl99h
2026-01-26,https://boxd.it/aTbJHr
2026-01-26,https://boxd.it/aT9jK1
2026-04-20,https://boxd.it/e256Uz
2026-05-02,https://boxd.it/6RboYL
2026-05-09,https://boxd.it/54N8kR
2026-06-03,https://boxd.it/8C2j0p
2026-06-15,https://boxd.it/el42CZ
2026-06-15,https://boxd.it/er8ihF
2026-06-16,https://boxd.it/eNZuVB
2026-07-21,https://boxd.it/4JUUVr
2026-07-21,https://boxd.it/4M13ln
2026-07-26,https://boxd.it/f7qOkF
2026-07-29,https://boxd.it/1jwpjF
2026-07-29,https://boxd.it/fvsexN
