Date,Name,Year,Letterboxd URI,Rating
2020-04-06,Avengers: Infinity War,2018,https://boxd.it/9vEe,4
2020-04-06,Avengers: Endgame,2019,https://boxd.it/9vE4,4
2020-04-06,Star Wars: The Force Awakens,2015,https://boxd.it/4vru,3.5
2020-04-06,Star Wars: The Last Jedi,2017,https://boxd.it/5xme,3
2020-04-06,The Godfather,1972,https://boxd.it/2aNK,4.5
2020-04-06,The Empire Strikes Back,1980,https://boxd.it/27Vw,5
2020-04-06,The Lord of the Rings: The Return of the King,2003,https://boxd.it/2b5u,5
2020-04-06,Fargo,1996,https://boxd.it/2aHM,4.5
2020-04-06,Ghostbusters,1984,https://boxd.it/g2w,3.5
2020-04-06,The Ballad of Buster Scruggs,2018,https://boxd.it/jB2q,5
2020-04-06,Ocean's Eleven,2001,https://boxd.it/2aZm,4
2020-04-09,The Avengers,2012,https://boxd.it/1xFW,4
2020-04-09,The Dark Knight Rises,2012,https://boxd.it/H3m,4.5
2020-04-09,The Dark Knight,2008,https://boxd.it/2b0k,5
2020-04-09,Star Wars,1977,https://boxd.it/72s,4.5
2020-04-09,Spider-Man: Into the Spider-Verse,2018,https://boxd.it/azpY,5
2020-04-09,Raising Arizona,1987,https://boxd.it/2avQ,5
2020-04-09,The Shining,1980,https://boxd.it/29Nu,5
2020-09-06,Step Brothers,2008,https://boxd.it/1SsE,4
2020-10-25,Starsky & Hutch,2004,https://boxd.it/1YOQ,4.5
2020-11-25,Kung Fu Panda,2008,https://boxd.it/1Yws,5
2020-11-25,The Bourne Identity,2002,https://boxd.it/26EO,4
2020-11-25,Raiders of the Lost Ark,1981,https://boxd.it/2bbs,5
2020-11-25,Return of the Jedi,1983,https://boxd.it/27Vm,4.5
2020-11-25,Indiana Jones and the Temple of Doom,1984,https://boxd.it/2bb8,4
2020-11-25,Gone Girl,2014,https://boxd.it/6hQu,3
2020-11-25,Rise of the Planet of the Apes,2011,https://boxd.it/cS4,3.5
2020-11-25,"Oh, Hello on Broadway",2017,https://boxd.it/gtmG,4.5
2020-11-25,Ant-Man,2015,https://boxd.it/3vmW,4
2020-11-25,Guardians of the Galaxy Vol. 2,2017,https://boxd.it/8MxC,2.5
2020-11-25,Guardians of the Galaxy,2014,https://boxd.it/3VH2,4.5
2020-11-25,The Lord of the Rings: The Two Towers,2002,https://boxd.it/2b5E,5
2021-06-09,Rango,2011,https://boxd.it/QPk,4
2021-06-12,Ferris Bueller's Day Off,1986,https://boxd.it/1YPY,3.5
2021-06-12,Deadpool,2016,https://boxd.it/9fOC,3.5
2021-06-12,What We Do in the Shadows,2014,https://boxd.it/7eQy,3.5
2021-06-12,The Third Man,1949,https://boxd.it/294E,4.5
2021-07-19,Space Jam: A New Legacy,2021,https://boxd.it/dd9A,1
2021-07-20,The Social Network,2010,https://boxd.it/17ue,4
2021-07-20,A Town Called Panic,2009,https://boxd.it/11ki,3.5
2021-07-20,Death Note,2006,https://boxd.it/psEs,5
2021-07-20,JUJUTSU KAISEN,2020,https://boxd.it/sOve,4
2021-07-20,Samurai Champloo,2004,https://boxd.it/o8go,3.5
2021-07-20,Demon Slayer -Kimetsu no Yaiba- The Movie: Mugen Train,2020,https://boxd.it/nyLU,3.5
2021-07-20,The Nightmare Before Christmas,1993,https://boxd.it/1YzQ,4
2021-07-20,The Emoji Movie,2017,https://boxd.it/d9x4,1
2021-07-21,Loki,2021,https://boxd.it/sbHg,4
2021-07-21,Donald Glover: Weirdo,2012,https://boxd.it/2XHG,4
2021-07-21,Invictus,2009,https://boxd.it/1zPk,2.5
2021-07-21,Kung Fu Panda 2,2011,https://boxd.it/G36,4
2021-07-21,The Simpsons Movie,2007,https://boxd.it/6YU,3
2021-07-21,Dunkirk,2017,https://boxd.it/d0Y6,3.5
2021-10-17,Parasite,2019,https://boxd.it/hTha,5
2021-12-23,Spider-Man: No Way Home,2021,https://boxd.it/nwRw,4
2022-01-08,Spirited Away,2001,https://boxd.it/2b4m,5
2022-02-20,The Grand Budapest Hotel,2014,https://boxd.it/3ZqO,5
2022-03-01,The Great Gatsby,2013,https://boxd.it/JY,1
2022-03-08,"The French Dispatch of the Liberty, Kansas Evening Sun",2021,https://boxd.it/jLP8,4
2022-03-24,Jujutsu Kaisen 0,2021,https://boxd.it/uvFS,4
2022-07-03,Minions: The Rise of Gru,2022,https://boxd.it/fz9w,4
2022-07-05,Two Distant Strangers,2020,https://boxd.it/tBu0,3.5
2022-07-16,Bad Education,2019,https://boxd.it/jiME,4
2022-09-11,Kingsman: The Secret Service,2014,https://boxd.it/6dxe,4
2022-09-11,American Psycho,2000,https://boxd.it/28Vs,5
2022-09-12,Pokémon Detective Pikachu,2019,https://boxd.it/fVA0,4.5
2022-09-15,Bo Burnham: Inside,2021,https://boxd.it/v2uy,2.5
2022-09-15,Spotlight,2015,https://boxd.it/a84k,4.5
2022-09-15,Scream,1996,https://boxd.it/24EC,2
2022-09-15,Sonic the Hedgehog,2020,https://boxd.it/gdK8,1.5
2022-09-16,Jurassic Park,1993,https://boxd.it/2aA2,4.5
2022-09-17,Everything Everywhere All at Once,2022,https://boxd.it/jUk4,5
2022-09-19,Alice in Wonderland,2010,https://boxd.it/1Spq,1
2022-09-25,Knives Out,2019,https://boxd.it/jWEA,4.5
2022-09-25,The Lost World: Jurassic Park,1997,https://boxd.it/2azS,4.5
2022-10-16,The Perks of Being a Wallflower,2012,https://boxd.it/2ZA8,4.5
2022-10-31,A Silent Voice: The Movie,2016,https://boxd.it/d99c,5
2022-11-14,Turning Red,2022,https://boxd.it/ipkq,3
2022-11-24,Nope,2022,https://boxd.it/sDCe,4
2022-11-26,Uncharted,2022,https://boxd.it/b5Dy,3
2022-11-27,The Silence of the Lambs,1991,https://boxd.it/2aHW,5
2022-12-18,Avatar,2009,https://boxd.it/1Efm,3.5
2022-12-18,Avatar: The Way of Water,2022,https://boxd.it/2E2E,3.5
2023-01-06,Pride & Prejudice,2005,https://boxd.it/24u8,3.5
2023-01-19,Puss in Boots: The Last Wish,2022,https://boxd.it/aaie,4.5
2023-02-08,The Biggest Little Farm,2018,https://boxd.it/jO4a,1.5
2023-02-12,GoodFellas,1990,https://boxd.it/29FA,5
2023-02-19,Whiplash,2014,https://boxd.it/7bQA,5
2023-02-19,Minority Report,2002,https://boxd.it/2aWi,3.5
2023-02-19,The Devil All the Time,2020,https://boxd.it/i2tY,3.5
2023-02-19,The Imitation Game,2014,https://boxd.it/6aig,4
2023-02-27,Popstar: Never Stop Never Stopping,2016,https://boxd.it/blDa,4.5
2023-03-02,Cocaine Bear,2023,https://boxd.it/ugw2,1.5
2023-03-02,Running,2022,https://boxd.it/yzP6,4.5
2023-03-12,Bullet Train,2022,https://boxd.it/qW26,3.5
2023-03-13,"Hail, Caesar!",2016,https://boxd.it/881G,4
2023-03-26,My Neighbor Totoro,1988,https://boxd.it/20eA,5
2023-04-16,The Super Mario Bros. Movie,2023,https://boxd.it/i8C8,3.5
2023-05-23,Guardians of the Galaxy Vol. 3,2023,https://boxd.it/fVNI,4.5
2023-06-06,Spider-Man: Across the Spider-Verse,2023,https://boxd.it/kSz4,5
2023-06-06,North by Northwest,1959,https://boxd.it/2aRM,4.5
2023-07-16,Mission: Impossible – Dead Reckoning,2023,https://boxd.it/l7zS,3.5
2023-07-24,Barbie,2023,https://boxd.it/bCLK,4
2023-07-24,Oppenheimer,2023,https://boxd.it/wUow,4.5
2023-07-31,A Man Named Scott,2021,https://boxd.it/xBYM,1.5
2023-07-31,The Nice Guys,2016,https://boxd.it/94Hg,5
2023-08-01,Catch Me If You Can,2002,https://boxd.it/29VS,4
2023-08-01,Eternal Sunshine of the Spotless Mind,2004,https://boxd.it/6YK,4
2023-08-02,Mulholland Drive,2001,https://boxd.it/297o,4
2023-08-02,Zombieland,2009,https://boxd.it/1En6,3.5
2023-08-04,The Banshees of Inisherin,2022,https://boxd.it/p7XS,4.5
2023-08-05,Alien,1979,https://boxd.it/2awY,4.5
2023-08-07,Ghost in the Shell,1995,https://boxd.it/1YYc,4
2023-08-07,John Wick,2014,https://boxd.it/7dEc,3
2023-08-09,The Breakfast Club,1985,https://boxd.it/27q4,3.5
2023-08-09,Arrival,2016,https://boxd.it/aNGk,4
2023-08-11,Pulp Fiction,1994,https://boxd.it/29Pq,4.5
2023-08-11,TÁR,2022,https://boxd.it/uNIA,4.5
2023-08-12,Porco Rosso,1992,https://boxd.it/1Tp2,5
2023-08-12,Bohemian Rhapsody,2018,https://boxd.it/f1TK,2
2023-08-14,The Bad Guys,2022,https://boxd.it/nkg4,3.5
2023-08-16,Little Miss Sunshine,2006,https://boxd.it/29EW,4.5
2023-12-06,Five Nights at Freddy's,2023,https://boxd.it/ikHu,2
2023-12-06,Godzilla Minus One,2023,https://boxd.it/zu4c,5
2023-12-06,8 Mile,2002,https://boxd.it/2bew,3
2023-12-13,Fight Club,1999,https://boxd.it/2a9q,4
2023-12-17,Enola Holmes,2020,https://boxd.it/hX2o,1.5
2023-12-17,The Big Lebowski,1998,https://boxd.it/2b6C,3
2023-12-19,Get Out,2017,https://boxd.it/eOCm,4
2024-01-05,Black Swan,2010,https://boxd.it/Sw0,4.5
2024-01-06,Marriage Story,2019,https://boxd.it/hJAw,4.5
2024-01-07,Snowpiercer,2013,https://boxd.it/3Icg,3.5
2024-01-07,John Wick: Chapter 2,2017,https://boxd.it/ayGu,3
2024-01-07,Prisoners,2013,https://boxd.it/4E5i,3.5
2024-01-07,Leave the World Behind,2023,https://boxd.it/re0i,1.5
2024-01-07,Mr. Harrigan's Phone,2022,https://boxd.it/r6VK,0.5
2024-01-08,El Camino: A Breaking Bad Movie,2019,https://boxd.it/kv0q,4
2024-01-08,La La Land,2016,https://boxd.it/a5fa,3.5
2024-01-08,Jurassic World,2015,https://boxd.it/4n0g,3
2024-01-10,School of Rock,2003,https://boxd.it/28xK,4
2024-01-10,John Wick: Chapter 4,2023,https://boxd.it/mh48,4
2024-01-11,L.A. Confidential,1997,https://boxd.it/27oC,3.5
2024-01-12,Solo: A Star Wars Story,2018,https://boxd.it/bGWs,4
2024-01-12,Shutter Island,2010,https://boxd.it/1U82,4.5
2024-01-13,John Wick: Chapter 3 – Parabellum,2019,https://boxd.it/gmFw,3
2024-01-16,The Departed,2006,https://boxd.it/28MA,4
2024-01-27,The Batman,2022,https://boxd.it/eDGs,5
2024-01-28,The Fast and the Furious: Tokyo Drift,2006,https://boxd.it/1Yeo,2
2024-01-28,Princess Mononoke,1997,https://boxd.it/2b4w,4
2024-01-31,Citizen Kane,1941,https://boxd.it/71O,4
2024-02-06,The Matrix,1999,https://boxd.it/2a1m,3.5
2024-02-07,Out of Sight,1998,https://boxd.it/28R6,3.5
2024-02-07,RRR,2022,https://boxd.it/ljDs,4
2024-02-07,The Lord of the Rings: The Fellowship of the Ring,2001,https://boxd.it/2b5O,5
2024-02-08,May December,2023,https://boxd.it/vEE2,5
2024-02-13,Mystic River,2003,https://boxd.it/2aAG,2.5
2024-02-14,Do the Right Thing,1989,https://boxd.it/29gA,5
2024-02-19,Evil Dead II,1987,https://boxd.it/29Ge,4
2024-02-21,Memento,2000,https://boxd.it/2bcK,4.5
2024-02-25,Vivarium,2019,https://boxd.it/gmVE,1.5
2024-02-28,Raging Bull,1980,https://boxd.it/28yI,4
2024-03-03,Dune: Part Two,2024,https://boxd.it/pUfA,5
2024-03-03,Dune,2021,https://boxd.it/fA7G,4.5
2024-03-07,Elvis,2022,https://boxd.it/mK4w,2
2024-03-21,Vertigo,1958,https://boxd.it/2apI,5
2024-03-21,Looper,2012,https://boxd.it/ham,3
2024-03-21,The Conversation,1974,https://boxd.it/2a38,4.5
2024-03-21,Full Metal Jacket,1987,https://boxd.it/2a1Q,5
2024-03-21,Oldboy,2003,https://boxd.it/29R2,3.5
2024-03-21,Dr. Strangelove or: How I Learned to Stop Worrying and Love the Bomb,1964,https://boxd.it/29eY,4
2024-03-22,Spaceman,2024,https://boxd.it/nC20,4
2024-03-25,The Gray Man,2022,https://boxd.it/rb7q,1.5
2024-03-28,Back to the Future,1985,https://boxd.it/2b8e,4.5
2024-04-02,The Hangover,2009,https://boxd.it/1GjK,3.5
2024-04-04,Kill Bill: Vol. 1,2003,https://boxd.it/70w,3.5
2024-04-04,The Power of the Dog,2021,https://boxd.it/m99E,3
2024-04-10,In the Mood for Love,2000,https://boxd.it/29tE,5
2024-04-11,Rashomon,1950,https://boxd.it/2a9K,5
2024-04-16,Good Will Hunting,1997,https://boxd.it/2ahY,5
2024-04-24,Capturing the Friedmans,2003,https://boxd.it/2748,3.5
2024-05-28,The Equalizer,2014,https://boxd.it/4TUK,3.5
2024-05-29,The Lighthouse,2019,https://boxd.it/icFU,5
2024-06-03,Inside Man,2006,https://boxd.it/2auS,5
2024-06-04,Starship Troopers,1997,https://boxd.it/2a7k,4
2024-06-06,Mad Max,1979,https://boxd.it/1Y7i,3
2024-06-06,Cloverfield,2008,https://boxd.it/2192,4
2024-06-06,No Country for Old Men,2007,https://boxd.it/21ew,4.5
2024-06-08,The Holdovers,2023,https://boxd.it/vHza,4
2024-06-09,Dazed and Confused,1993,https://boxd.it/1Ylk,5
2024-06-11,A Clockwork Orange,1971,https://boxd.it/2aVE,4
2024-06-23,Inside Out,2015,https://boxd.it/4KHC,3
2024-06-29,Heat,1995,https://boxd.it/2bg8,4.5
2024-06-30,Apocalypse Now,1979,https://boxd.it/6ZS,4.5
2024-07-14,Pan's Labyrinth,2006,https://boxd.it/28No,4.5
2024-08-08,Reservoir Dogs,1992,https://boxd.it/2agc,4
2024-08-15,Se7en,1995,https://boxd.it/29zs,4
2024-08-16,Taxi Driver,1976,https://boxd.it/2b8y,4
2024-08-18,Bottle Rocket,1996,https://boxd.it/1PDa,4
2024-08-20,The Manchurian Candidate,2004,https://boxd.it/1O2M,3.5
2024-08-22,Bottoms,2023,https://boxd.it/uGf2,4.5
2024-08-22,10 Cloverfield Lane,2016,https://boxd.it/aZiu,3
2024-08-31,The Boondock Saints,1999,https://boxd.it/20gw,3
2024-12-10,Spectre,2015,https://boxd.it/6bXY,3
2024-12-10,Snatch,2000,https://boxd.it/2b7U,3.5
2024-12-18,Donnie Darko,2001,https://boxd.it/2b2A,4.5
2024-12-18,Lady Bird,2017,https://boxd.it/dGNE,3.5
2024-12-20,Watchmen,2009,https://boxd.it/1QE4,2
2024-12-20,Train to Busan,2016,https://boxd.it/dSQU,4.5
2024-12-21,The Wicker Man,1973,https://boxd.it/1KnG,3.5
2025-01-04,Lone Star,1996,https://boxd.it/1tge,4
2025-01-04,Gladiator,2000,https://boxd.it/2b9m,4
2025-01-04,Gladiator II,2024,https://boxd.it/kqQQ,3.5
2025-01-04,Blade Runner,1982,https://boxd.it/2bcA,4.5
2025-01-05,Past Lives,2023,https://boxd.it/oNB8,5
2025-01-06,Baby Driver,2017,https://boxd.it/bhF2,4
2025-01-07,Civil War,2024,https://boxd.it/z1jW,3
2025-01-07,Inception,2010,https://boxd.it/1skk,3
2025-01-07,Call Me by Your Name,2017,https://boxd.it/dYmm,4.5
2025-01-11,10 Things I Hate About You,1999,https://boxd.it/23AO,5
2025-01-27,Airplane!,1980,https://boxd.it/29yu,4
2025-01-27,Casino Royale,2006,https://boxd.it/1alk,4.5
2025-03-12,Mission: Impossible – Rogue Nation,2015,https://boxd.it/5rI4,4
2025-03-12,Blade Runner 2049,2017,https://boxd.it/b8wK,5
2025-05-14,The Royal Tenenbaums,2001,https://boxd.it/1YHU,4
2025-06-05,Mission: Impossible – The Final Reckoning,2025,https://boxd.it/l7A2,3.5
2025-06-09,Sinners,2025,https://boxd.it/KQMM,4
2025-06-11,Now You See Me 2,2016,https://boxd.it/99fw,2.5
2025-06-14,Hot Tub Time Machine,2010,https://boxd.it/1zIS,2
2025-06-23,The Prestige,2006,https://boxd.it/293w,2.5
2025-06-23,Midnight in Paris,2011,https://boxd.it/i4a,4.5
2025-06-23,Rogue One: A Star Wars Story,2016,https://boxd.it/aPvy,4.5
2025-06-23,Mickey 17,2025,https://boxd.it/q1Dk,4.5
2025-07-12,Nightcrawler,2014,https://boxd.it/780m,3
2025-07-12,Copycat,1995,https://boxd.it/28ga,3
2025-07-24,Juror #2,2024,https://boxd.it/FRwU,2.5
2025-07-24,Once Upon a Time... in Hollywood,2019,https://boxd.it/gH0O,2.5
2025-07-26,Chungking Express,1994,https://boxd.it/1UDa,5
2025-07-30,12 Angry Men,1957,https://boxd.it/2auI,4.5
2025-08-01,Total Recall,1990,https://boxd.it/29qK,2.5
2025-08-02,Star Wars: The Rise of Skywalker,2019,https://boxd.it/5xlK,1
2025-08-16,But I'm a Cheerleader,1999,https://boxd.it/1CW4,4.5
2025-08-21,Weapons,2025,https://boxd.it/EMTM,4
2025-10-20,Soleil O,1970,https://boxd.it/5TR4,4
2025-11-11,2 or 3 Things I Know About Her,1967,https://boxd.it/20Am,3.5
2025-11-29,Superman,2025,https://boxd.it/E9IU,4
2025-12-02,Indiana Jones and the Last Crusade,1989,https://boxd.it/2baO,4
2025-12-02,La Haine,1995,https://boxd.it/2as8,5
2025-12-04,The Wolf of Wall Street,2013,https://boxd.it/3C1m,3.5
2025-12-15,Wake Up Dead Man,2025,https://boxd.it/uAKS,5
2025-12-20,Molly's Game,2017,https://boxd.it/dSl8,2.5
2025-12-23,Bridesmaids,2011,https://boxd.it/rac,3
2025-12-23,Now You See Me,2013,https://boxd.it/2Bsu,2.5
2025-12-24,Don't Worry Darling,2022,https://boxd.it/mViu,1
2025-12-24,Perfect Blue,1997,https://boxd.it/1W7A,5
2025-12-25,Primal Fear,1996,https://boxd.it/28ws,3
2025-12-28,One Battle After Another,2025,https://boxd.it/DUHM,4.5
2025-12-30,Five Nights at Freddy's 2,2025,https://boxd.it/KEvY,1
2025-12-30,This Is Spinal Tap,1984,https://boxd.it/1UOs,4
2025-12-31,The Naked Gun,2025,https://boxd.it/Da9k,4
2025-12-31,Interstellar,2014,https://boxd.it/4VZ8,4
2026-01-01,The Wonderful Story of Henry Sugar,2023,https://boxd.it/yNyo,3.5
2026-01-02,Fallen Angels,1995,https://boxd.it/1UkW,5
2026-01-02,When Harry Met Sally...,1989,https://boxd.it/29W2,4.5
2026-01-06,House,1977,https://boxd.it/1vsm,4
2026-01-08,Good Time,2017,https://boxd.it/fcFu,4
2026-01-09,The Usual Suspects,1995,https://boxd.it/29XE,3.5
2026-01-09,Barbarian,2022,https://boxd.it/yohi,4.5
2026-01-09,Persona,1966,https://boxd.it/29B4,5
2026-01-11,The Shawshank Redemption,1994,https://boxd.it/2aHi,4.5
2026-01-19,Heretic,2024,https://boxd.it/H1lY,2.5
2026-01-26,Bugonia,2025,https://boxd.it/qeWY,4
2026-01-27,Train Dreams,2025,https://boxd.it/LdDo,4
2026-02-13,Zodiac,2007,https://boxd.it/27MO,2.5
2026-02-28,Zoolander,2001,https://boxd.it/1YMA,4
2026-03-08,Fantastic Mr. Fox,2009,https://boxd.it/1WyQ,5
2026-04-21,Sorry to Bother You,2018,https://boxd.it/f21E,4
2026-04-22,Your Name.,2016,https://boxd.it/cUqs,4.5
2026-04-26,The Menu,2022,https://boxd.it/lScm,3.5
2026-05-02,Midsommar,2019,https://boxd.it/jhxe,3
2026-05-02,Longlegs,2024,https://boxd.it/KzLM,3
2026-05-03,The Descent,2005,https://boxd.it/1YNy,3
2026-05-03,The Thing,1982,https://boxd.it/294O,4.5
2026-06-03,Blue Velvet,1986,https://boxd.it/29BI,4.5
2026-06-15,Obsession,2025,https://boxd.it/PNqo,4.5
2026-07-14,Project Hail Mary,2026,https://boxd.it/pEeQ,3.5
2026-07-21,Anatomy of a Fall,2023,https://boxd.it/yuDE,5
2026-07-26,The Odyssey,2026,https://boxd.it/QFQU,4
2026-07-29,Batman Begins,2005,https://boxd.it/2aIg,2.5
2026-07-29,Moonrise Kingdom,2012,https://boxd.it/2Wng,3.5
2026-07-29,Glengarry Glen Ross,1992,https://boxd.it/1Yw8,4
2026-08-01,Ronin,1998,https://boxd.it/20wa,3.5
