Date,Name,Year,Letterboxd URI,Rating,Rewatch,Review,Tags,Watched Date
2020-11-25,The Bourne Ultimatum,2007,https://boxd.it/1txUg5,,,Review: this is a jason bourne movie with old white dudes,,2020-11-24
2020-11-25,The Bourne Identity,2002,https://boxd.it/1txUtD,4,,Review: this is a jason bourne movie with old white dudes,,2020-11-24
2020-11-25,The Third Man,1949,https://boxd.it/1txWel,4,,some stuff happened then someone told me that this movie is good so i believed them,,2020-11-24
2020-11-25,The Secret Life of Walter Mitty,2013,https://boxd.it/1txXEJ,,,fun secret life of walter mitty fact: everyone who has said they forgot the name of the movie and can only name one scene from it and said “it’s the movie with that guy” was talking about this movie,,2020-11-24
2020-11-25,Dunkirk,2017,https://boxd.it/1ty2QF,,,"i watched it with my grandparents who were confused, which made me think i got it wrong and made me confused, then i realized they had just fallen asleep so i was right after all.",,2020-11-24
2020-11-25,"Oh, Hello on Broadway",2017,https://boxd.it/1ty39d,4.5,,"funny men say words wrong and are very funny until a 20 minute slump where they are a lot less funny, but then they end up being funny",,2020-11-24
2020-11-25,Ant-Man,2015,https://boxd.it/1ty3vD,4,,paul rudd is not that old,,2020-11-24
2020-11-25,Guardians of the Galaxy,2014,https://boxd.it/1ty537,4.5,,"“hey what should we have as the final battle in this exciting space movie with a villain who basically can’t die”

“uhh idk they’re all not strong”

“ever played dance dance revolution?”",,2020-11-24
2020-11-25,The Lord of the Rings: The Two Towers,2002,https://boxd.it/1ty6Kh,5,,TREE,,2020-11-24
2021-06-26,Zoolander,2001,https://boxd.it/1WXgrb,3.5,,gasoline fight,,2021-06-25
2021-07-19,Space Jam: A New Legacy,2021,https://boxd.it/20ojn3,1,,"All this movie did was solidify MJs goat status, honestly ridiculous LeBattlePass thought he could act, you aren’t the goat, stay in your lane(Lefrauds lane is mediocre-at-best basketball) and stick to fortnite acting! Embarrassing for all involved!",,2021-07-18
2021-07-20,A Town Called Panic,2009,https://boxd.it/20yX0N,3.5,,"top 1 french films of all time(i don’t like most french films) 

hope ellie doesn’t see this because if she does she might recommend more movies(see also WWDITS) which is scary because they might actually be good",,2021-07-20
2021-07-20,Demon Slayer -Kimetsu no Yaiba- The Movie: Mugen Train,2020,https://boxd.it/20zkvT,3.5,,"did not watch this in the theatre, i wanted to protect my nostrils from the average demon slayer moviegoer",,2021-07-20
2021-07-20,The Emoji Movie,2017,https://boxd.it/20zqNz,1,,"i have never questioned the existence of god more than when i walked into clsss one day and my teacher put this movie on, making the FOURTH viewing of this hellhole of a movie for me(once on my own, once with a friend, once in school, once more in school)",,2021-07-20
2021-07-21,Anchorman: The Legend of Ron Burgundy,2004,https://boxd.it/20Hutf,,,this movie is in the limbo of maybe being funny and maybe having like 2 good jokes,,2021-07-21
2021-07-21,Invictus,2009,https://boxd.it/20HxCp,2.5,,y’all like rugby? me neither!,,2021-07-21
2021-10-17,Parasite,2019,https://boxd.it/2dfrEZ,5,,don’t know what economic system they got in south korea but it sure was a critique of it,,2021-10-16
2021-12-23,Spider-Man: No Way Home,2021,https://boxd.it/2nRbRT,4,,@zendaya hey🙂,,2021-12-22
2022-01-22,Your Name.,2016,https://boxd.it/2vx687,5,,cool movie!,fam,2022-01-22
2022-02-20,The Grand Budapest Hotel,2014,https://boxd.it/2B4v8x,5,,not to be gay or anything but this wes anderson dude makes some good movies,,2022-02-20
2022-03-01,The Great Gatsby,2013,https://boxd.it/2CxtdH,1,,this movie fucking blows!,,2022-02-28
2022-03-24,Jujutsu Kaisen 0,2021,https://boxd.it/2GYFUj,4,,i walked by a guy who smelled bad and i saw someone i knew from school on the way in and i’m hiding from him,theater,2022-03-23
2022-07-03,Minions: The Rise of Gru,2022,https://boxd.it/2Z30xb,4,,Wow.,,2022-07-02
2022-07-05,Two Distant Strangers,2020,https://boxd.it/2ZsZ11,3.5,,"joey is a cool dude and a good actor, cant tell if this was good or not!",,2022-07-04
2022-07-16,Bad Education,2019,https://boxd.it/31FVfR,4,,"what a cool movie it would be a huge shame if hypothetically someone like me had a principal do this(embezzlement) at their school where they(me) do journalism hypothetically 

embezzlementposting aside hugh jackman gets way gayer without the beard he’s like the samson of hollywood homos",,2022-07-16
2022-09-11,Kingsman: The Secret Service,2014,https://boxd.it/3dqSFl,4,,"honestly solid movie but a LOT of the stakes of “will they stop the mass hysteria bomb” are  removed when they take the mass hysteria bomb out of the racism chapel and into the house with a baby and a mom because if they let the baby die, there goes the target audience of these incredible movies(for babies)",,2022-09-11
2022-09-11,Sonic the Hedgehog,2020,https://boxd.it/3dqTA7,1.5,,"movie was made not to be good, but to make jim carrey get bald and for a review that says “fun all the way through” from some newspaper",,2022-09-11
2022-09-17,Everything Everywhere All at Once,2022,https://boxd.it/3eraFn,5,,"i need to stop watching good movies i have way too many good reviews

anyway tho the dad is one of the coolest characters of all time and this movie almost made me cry",,2022-09-16
2022-09-19,Alice in Wonderland,2010,https://boxd.it/3eUkZP,1,,"i just watched this movie and my life is the exact same as it was when it started. i didn’t learn anything, my worldview didn’t change at all, i probably won’t ever talk about it. i didn’t gain anything from this movie or lose anything. it wasn’t good, but it wasn’t bad enough to be funny. there is no reason to watch this movie, and if you do, you’ll probably forget about it anyway 

tldr: mid",,2022-09-18
2022-11-14,Turning Red,2022,https://boxd.it/3qBtXN,3,,conan gray fans’ black panther,friendos,2022-11-13
2022-11-24,Nope,2022,https://boxd.it/3sJOc3,4,,bojack forgot to take his meds on set,,2022-11-23
2022-11-25,Uncharted,2022,https://boxd.it/3sVqpr,3,,"this movie made me think a lot of passive aggressive thoughts here are some of them
 
1. not every adventure move can be national treasure, but that is ok 
2. a lot of fun if you don’t look at it for too long
3. shut your brain off and you will probably like this movie 
4. tom holland and mark wahlberg played spider-man without powers and mark wahlberg, respectively 
5. scenery looks like someone thought a postcard color palette and design would look good as a movie backdrop",,2022-11-25
2022-11-27,The Silence of the Lambs,1991,https://boxd.it/3toZC9,5,,hannibal does a perfect job of balancing on the edge of creepy horror scary dude and goofball one liner cartoon villian and it makes him so awesome (i’m having a friend for dinner is a cut to commercial type of line it goes hard tho),,2022-11-27
2022-11-28,Sorry to Bother You,2018,https://boxd.it/3tEaOl,5,Yes,rewatched and cassius(5yr/100 mil) got offered less than jordan poole(4yr/128 mil) for a contract to be a male manipulator horse jesus for a slave company so i can see why the negotiations broke down,rewatch,2022-11-27
2022-12-18,Avatar: The Way of Water,2022,https://boxd.it/3xOegN,3.5,,jake sully is the only character whose names in these movies i will remember for longer than a day,,2022-12-17
2022-12-18,Avatar,2009,https://boxd.it/3xOf3l,3.5,,neon genesis evangelion for people who leave their homes,,2022-12-17
2023-01-06,Pride & Prejudice,2005,https://boxd.it/3EmFl3,3.5,,me and the bad bitch i pulled by being emotionally unavailable,,2023-01-05
2023-01-19,Puss in Boots: The Last Wish,2022,https://boxd.it/3J3TVB,4.5,,real cinema is back.,,2023-01-18
2023-02-12,GoodFellas,1990,https://boxd.it/3Qumtr,5,,maybe the real Good was the Fellas we met along the way :),,2023-02-11
2023-02-19,Whiplash,2014,https://boxd.it/3SmNV5,5,,when i was in fife and drum we had this instructor lady who would yell at us and she said some mean words and one time this kid couldn’t play in time so she made him march in place until he could march and play on beat but then she got let go so i am basically miles teller,,2023-02-18
2023-02-27,Popstar: Never Stop Never Stopping,2016,https://boxd.it/3UIwrf,4.5,,moped music and patrick stewart money hit me like a truck,,2023-02-26
2023-03-02,Running,2022,https://boxd.it/3VyeKd,4.5,,thank you danny pudi!,,2023-03-01
2023-03-26,My Neighbor Totoro,1988,https://boxd.it/422fYT,5,,every character in this movie is my dude for real,,2023-03-25
2023-04-18,The Super Mario Bros. Movie,2023,https://boxd.it/48pT6x,3.5,,mario forgot to check his blind spot when he merged onto rainbow road do not show this to your children,,2023-04-17
2023-05-23,Guardians of the Galaxy Vol. 3,2023,https://boxd.it/4hxvBN,4.5,,rocket raccoon singing creep in the opening scene is the boldest and greatest decision in cinematic history,,2023-05-23
2023-06-06,Spider-Man: Across the Spider-Verse,2023,https://boxd.it/4kYMiT,5,,"best theater experience ever, crazy how we are currently in a 3d animation renaissance because donald glover wore a spider man shirt one time on community",,2023-06-05
2023-06-26,Zodiac,2007,https://boxd.it/4qsgQT,3.5,,mark ruffalo is a king and deserved to be treated as such for carrying this movie so hard,,2023-06-25
2023-07-16,Mission: Impossible – Dead Reckoning,2023,https://boxd.it/4wnRMD,3.5,,I LOVE OVERSTIMULATION !!!!!! also ethan says “it’s okay” about 200 times in this movie in almost the exact same situation every time lmao,,2023-07-15
2023-07-24,Barbie,2023,https://boxd.it/4zkhi9,4,,“i am kenough” is one of the greatest phrases i’ve heard in my life,,2023-07-23
2023-07-24,Oppenheimer,2023,https://boxd.it/4zkDxl,4.5,,"-best acted movie i’ve seen maybe ever 
-incredible music done by a guy who got famous by working with childish gambino 
-felt like half-life bc oppenheimer dressed like g man and the whole thing was just a well done tech demo
-albert stepping out during the second act felt like captain america in infinity war",,2023-07-23
2023-07-31,The Nice Guys,2016,https://boxd.it/4C7pLf,5,,never seen a movie that felt more like it was made to entertain me specifically,,2023-07-30
2023-08-01,Eternal Sunshine of the Spotless Mind,2004,https://boxd.it/4CKCDL,4,,frodo is too gay to do that :(((,,2023-07-31
2023-08-02,Mulholland Drive,2001,https://boxd.it/4D2aOn,4,,"<b>day 1/movie 1</b>
this movie was really good but it went about it in the worst way possible and it was a huge asshole about it. incredibly upsetting watch because there would be something that sucked or just made me think part of the movie would be awful, then it flips me off in my face and goes ahhhhh fuck you im actually really interesting.",1 a day,2023-08-01
2023-08-03,TÁR,2022,https://boxd.it/4DmJvP,4,,"<b>day 2/movie 2</b> 

cate blanchett playing a cancel-able tortured genius who has strong cheekbones walked so that cillian murphy could run",1 a day,2023-08-02
2023-08-04,The Banshees of Inisherin,2022,https://boxd.it/4DBqVp,4.5,,"<b>day 3/movie 3</b>

“do you think god gives a damn about miniature donkeys, colm?”
“i fear he doesn’t”

popular loner colin farrell and his eyebrows both deserve best actor for this one",,2023-08-03
2023-08-05,Alien,1979,https://boxd.it/4DVXot,4.5,,"<b>day 4/movie 4</b>

if i was on that ship i woulda gone “pspspspspspsps!! cmere!!! :D cmere lil guy!!” and lured the alien into the airlock",,2023-08-04
2023-08-07,Ghost in the Shell,1995,https://boxd.it/4EAncX,4,,"<b>day 5/movie 5</b>

music slaps and so does the movie goddamn, if it was like an hour longer 5 stars",,2023-08-06
2023-08-07,John Wick,2014,https://boxd.it/4EJJBN,3,,"<b>day 6/movie 6</b>

ironically, it was a little aimless",,2023-08-06
2023-08-08,Bohemian Rhapsody,2018,https://boxd.it/4F8a4p,2.5,,"<b>day 7/movie 7 </b>

this is what sports twitter people mean when they say “he’s got that aura” 

a fewstars for rami malek being rami malek and for queen being queen, then minus some stars for this movie sucking and being shitty about the gays",,2023-08-07
2023-08-09,Arrival,2016,https://boxd.it/4FnyMv,4,,"<b>day 8/movie 8</b>

i cant speak for louise but i’d be a little disappointed if i looked into my future and saw i was married to jeremy renner",,2023-08-08
2023-08-11,Pulp Fiction,1994,https://boxd.it/4FY7Ej,4.5,,"<b>day 9/movie 9</b>

would almost definitely be a 5 star for me if tarantino just wasn’t a weird weird weird man",1 a day,2023-08-10
2023-08-12,Porco Rosso,1992,https://boxd.it/4Gdb87,5,,"<b>day 10/movie 10</b>

<i>“i’d rather be a pig than a fascist” </i>

beautiful little piece that manages to both reflect on the tragedy of a veterans postwar life AND make me go hahahaha hehehehe look at the little piggy fly around 

<i>“i’m a pig. i don’t fight for honor, i fight for a paycheck”  </i>

porco is a pig to everyone in his life 
-to the pirates, he is war vet constantly looking to take them down and ruin their paydays
-to italy and the fascist secret police, he is a defector who betrayed his country 
-to his fellow sea plane pilots, he’s just a good bounty hunter with little regard for honor 
-to gina, he is a changed man after the war, unwilling to accept his love, and constantly breaking women’s hearts 

to me, gina and him have the most interesting and probably the most complex relationship in the movie. porco sees how gina idolizes his past, using his old name in conversation, and adores the last picture of his former self. porco, however, just wants to be accepted, and seeing how the most important woman in his life thinks more of his past than his current pigly self only lowers his self esteem and makes him feel incapable of that love. the truth however, is just that gina remembers porco caring for her more as a human, and although she accepts him as a pig and still loves him, he doesn’t know how to accept that as he could when he was human. 

and fio, on the other hand, sees him not as a pig but as a role model. fio is the only one to see him human since the war, as fio enjoys porco for who he is, reinvigorating his sense of purpose by forcing him to fight for her. she sees porco as a human because not only does she not see him as a pig, but as a father figure to her, he does not see himself as a pig either 
-
all that combined with stunning animation, incredible dogfights, and of course a pig flying a plane, make this some of miyazaki’s best work ye

tldr i love when the silly pig flies around he’s a lil goofball",1 a day,2023-08-11
2023-08-12,Reservoir Dogs,1992,https://boxd.it/4Gq0fd,4,,"<b>day 11/movie 11</b>

i really liked it while it was happening and then it ended and i was just kind of like ://// k. classic tarantino shit and by that i mean him being a complete weirdo degenerate",1 a day,2023-08-12
2023-08-13,The Departed,2006,https://boxd.it/4GJXyh,3.5,,"<b>day 12/movie 12</b>

this movie was real confusing for about 20 minutes due to matt damon and leo dicaprio looking way more similar than i thought. had really cool concepts that it did a decent job of executing!",,2023-08-12
2023-08-14,The Bad Guys,2022,https://boxd.it/4GXr5F,3.5,,"<b>day 13/movie 13</b>

no realistic depictions of panic attacks, 0/10",1 a day,2023-08-13
2023-08-16,Little Miss Sunshine,2006,https://boxd.it/4HFoSH,4.5,,"<b>day 14/movie 14</b>

a cherished blessing unto this earth",,2023-08-15
2023-10-27,10 Things I Hate About You,1999,https://boxd.it/53PIel,4.5,,"heath ledger and julia stiles …. generational talent 
also it is so weird to see JGL shrunk down after seeing him in batman",,2023-10-26
2023-12-06,Five Nights at Freddy's,2023,https://boxd.it/5h8ovL,2,,josh hutcherson you did not deserve this,,2023-12-05
2023-12-06,Godzilla Minus One,2023,https://boxd.it/5h8vfb,5,,one of the best movies of the year easily but right at the end they showed someone get like a tattoo thingy that seemed to tease a sequel or a kaiju cinematic universe and scorsese jumped from the top row to the very front and slashed up the screen with a machete while screaming “cinema has no sequels! kevin feige be afraid” but other than that it was cool,,2023-12-05
2023-12-06,8 Mile,2002,https://boxd.it/5hdJNV,3,,starting every sentence with “but i know something about you” when talking to walsingham kids from now on,,2023-12-05
2023-12-13,Fight Club,1999,https://boxd.it/5jMnSd,4,,"edward norton, brad pitt, and helena bonham carter paved an evil, unforgivable forked road for men that ends at extreme toxic masculinity and/or being polyamorous",,2023-12-13
2023-12-14,Enola Holmes,2020,https://boxd.it/5k4o0d,1.5,,lol this movie is centered around something only referred to as the “reform bill” and i’m not sure if it’s because calling it women’s rights is too radical or because it would have been historically inaccurate to say that england passed a women’s rights bill,,2023-12-14
2023-12-19,Get Out,2017,https://boxd.it/5lL3v5,4,,people are focusing on the good social commentary as the main message of the moving but the “all white women will attempt to murder you at least once while you are dating them” message goes right over everyone’s heads,,2023-12-18
2024-01-05,Black Swan,2010,https://boxd.it/5uTmjf,4.5,,watched this with a fever bc i am sick and needed entertainment and instantly went from recovering well to going completely insane,,2024-01-04
2024-01-06,May December,2023,https://boxd.it/5vhhyx,5,,charles melton deserves every single award and bit of praise for this performance good lord it was amazing but it also made me want to throw up and die a little,,2024-01-05
2024-01-06,Marriage Story,2019,https://boxd.it/5vp7O7,4.5,,adam driver you will always be a little bit sympathetic to me :((,,2024-01-05
2024-01-07,Prisoners,2013,https://boxd.it/5w89Cn,3.5,,was pretty neutral on this and jake gyllenhall at the beginning but ooouuuu boy,,2024-01-06
2024-01-07,Leave the World Behind,2023,https://boxd.it/5wf3G3,1.5,,a real “yeah sure dude okay whatever” of a movie,,2024-01-06
2024-01-07,Mr. Harrigan's Phone,2022,https://boxd.it/5wquvN,0.5,,hoonk shooshooshoooshoo hooooonk shooshooshoo,,2024-01-06
2024-01-09,John Wick: Chapter 3 – Parabellum,2019,https://boxd.it/5xNE8T,2.5,,he is to reloading guns what dennis rodman was to rebounding,,2024-01-08
2024-01-10,School of Rock,2003,https://boxd.it/5yeMY3,3.5,,jack black is a very serious contender for awesomest guy ever,,2024-01-09
2024-01-10,John Wick: Chapter 4,2023,https://boxd.it/5yjWOH,4.5,,insane amounts of juice in this one,,2024-01-09
2024-01-12,Shutter Island,2010,https://boxd.it/5zdIE1,4.5,,relatable because if i got gaslit by mark ruffalo i too would have to consider killing myself,,2024-01-11
2024-01-28,The Fast and the Furious: Tokyo Drift,2006,https://boxd.it/5HgYFR,2,,"fast and furious friday number 1

that classic early 2006 blend of misogyny and drifting around in what they might call “tight ass dope ass money ass rides” 

completely terrible on the whole but produced one of the funniest pictures i’ve ever seen of me where i am stanced like L from death note watching the car chase",,2024-01-27
2024-01-28,Princess Mononoke,1997,https://boxd.it/5HFkBl,4,,that one tweet that says “studio ghibli food always looks so good” but with the gruel and mononoke eating the wolf,,2024-01-27
2024-01-31,Citizen Kane,1941,https://boxd.it/5J82iH,4,,"she say do you love me, i tell her only partly
i only love my sled and my momma im sorry",film 101,2024-01-30
2024-02-07,Out of Sight,1998,https://boxd.it/5MnYvh,3.5,,loved the part where george clooney was george clooney,film 101,2024-02-06
2024-02-07,RRR,2022,https://boxd.it/5Mo5r7,4,,"sometimes you just need to just shut up and say “this is so fucking cool” 

the most dudes have ever rocked by far","w/ isabella, w/ annika",2024-02-06
2024-02-11,Black Swan,2010,https://boxd.it/5OcSDZ,4.5,Yes,it’s just so good! i can’t tell if it got better or worse on rewatch but it sure is one of those movies that has you lean forward a lot,"w/ annika, w/ isabella, w/ harley, w/ hamraj",2024-02-10
2024-02-13,May December,2023,https://boxd.it/5P2jYR,5,Yes,AAAAAAAAAAAAAAAAAAAAAAAAAAAA,,2024-02-12
2024-02-13,Mystic River,2003,https://boxd.it/5P6PWr,2.5,,a few cool moments ruined by the fact that this movie appears to have been made exclusively by men who still call women broads,,2024-02-13
2024-02-14,Do the Right Thing,1989,https://boxd.it/5PwNr9,5,,whoever came up with “30 cents short of a quarter” is an artist and i want to shake their hand,film 101,2024-02-14
2024-02-15,Raising Arizona,1987,https://boxd.it/5PTCMB,5,,so quotable and the greatest thing the south has ever created there are too many good things to say about this movie it should be prescribed as an antidepressant it is just :DD,,2024-02-14
2024-02-20,Evil Dead II,1987,https://boxd.it/5Shxsd,4,,what fun!,"w/ annika, w/ isabella, w/ hamraj, w/ harley, not sober",2024-02-18
2024-02-20,Lady Bird,2017,https://boxd.it/5SnRWp,3,,very conflicted on this one i kinda get it but also kinda don’t,,2024-02-19
2024-02-21,Memento,2000,https://boxd.it/5SRsv9,4.5,Yes,"first watch i was too busy looking at shirtless guy pearce to notice what was happening, still was kinda doing that but there so many way great bits on rewatch",film 101,2024-02-21
2024-02-25,Vivarium,2019,https://boxd.it/5Uw7Pj,1.5,,def the weirdest young sheldon episode i’ve seen,w/ mia,2024-02-24
2024-02-28,Raging Bull,1980,https://boxd.it/5W0HUj,4,,"shittiest underdog story ever (small spoilers ahead)

easily the most conflicted i have felt about whether i liked a movie or not in a while - dragged HARD at times (was tired though) and there were so many punches. lamotta is a really interesting guy and it’s fun to kind of get inside his mind(never “going down”, crying after the throw, the whole self hatred thing), but also it’s just like cmon dude you suck. 

thought i was going to hate the ending but ended up liking it a lot, the crash from a self-important, larger-than-life club owner with everything he wants to a lonely, emotionally stunted man in prison felt fitting. going from begging his brother to hit him to begging him to kiss him is a nice little way to tie the sad little bow on the whole story

i think that this movie is easy to dislike or feel meh about at first because of the inclination to look for a way to feel even a tiny bit sympathetic towards lamotta, and there is absolutely nothing there. it’s so easy to just chalk it up to “oh this guy blows” and then see if there’s anything else interesting going on, but there really isn’t sometimes. lamotta doesn’t need a character arc because it isn’t about his redemption or him winning, it’s about how horrible he is- there can’t be any kind of acceptance of that fact because he always knows it, he just never changes. the conflict/resolution isn’t found in his boxing, any growth he has as a person, but instead the people around him, who each learn to cut him out. as lamotta’s life changes, losing his brother and wife, his boxing career and status, it becomes painfully clear how stubbornly stagnant he is internally 

also obviously helps that de niro and scorsese are both always amazing and joe pesci is an acting hero",film 101,2024-02-28
2024-03-03,Dune,2021,https://boxd.it/5XBVFF,4.5,Yes,part one of the double feature and oh my god it gets better every time i see it,"w/ hamraj, w/ harley, w/ venkata",2024-03-02
2024-03-03,Dune: Part Two,2024,https://boxd.it/5XQT7r,5,,perfect movie this is the most amazing thing i have seen in my life with no exaggeration,"w/ harley, w/ hamraj",2024-03-03
2024-03-07,Elvis,2022,https://boxd.it/5ZDnuZ,2,,austin butler is the luka doncic to this movie’s dallas mavericks,,2024-03-06
2024-03-08,The Grand Budapest Hotel,2014,https://boxd.it/609nQb,5,Yes,god i love it so much and i swear the dialogue gets better every time introducing people to this movie is my sole purpose in life,"w/ hamraj, w/ harley, not sober",2024-03-08
2024-03-17,Oppenheimer,2023,https://boxd.it/643e0T,4.5,Yes,worth the rewatch it is quite good,parents,2024-03-16
2024-03-21,Oldboy,2003,https://boxd.it/663lhb,4,,rarely does a movie make me look away/get grossed out and this one literally had me pacing around my dorm i audibly went “oh nahhhhh jesus” and there wasn’t even anyone with me,,2024-03-20
2024-03-21,Full Metal Jacket,1987,https://boxd.it/667Lrf,5,,surfin bird jumpscare was crazy,,2024-03-20
2024-03-21,Dr. Strangelove or: How I Learned to Stop Worrying and Love the Bomb,1964,https://boxd.it/66fzYd,4,,"i was pretty neutral on this (except the jokes) until the yeehaw scene, that right there is what it’s all about",,2024-03-20
2024-03-28,Back to the Future,1985,https://boxd.it/69cWLd,4.5,,just an absolute classic! marty mcfly is like the coolest character ever and i think it’s important to remember that always,film 101,2024-03-27
2024-04-04,Kill Bill: Vol. 1,2003,https://boxd.it/6cSplx,3.5,,she gets to carry on a SWORD and i don’t even get to have a water bottle i hate airplanes,,2024-04-03
2024-04-04,The Power of the Dog,2021,https://boxd.it/6cTIen,3,,this movie is lucky i love movies because if it didn’t i might have hated it! started off super slow but maybe cool i think? i def need to rewatch to see what’s up with it a second time(and because i have to write a paper lol),film 101,2024-04-04
2024-04-11,In the Mood for Love,2000,https://boxd.it/6fBTvP,5,,movies are so cool,film 101,2024-04-10
2024-04-11,Rashomon,1950,https://boxd.it/6fRaLP,5,,"i came out of this thinking it was interesting (and really cool) that it’s completely reasonable to take this movie in a pretty optimistic way(no one is lying, the movie is about the subjectivity of human perception and interpretations of events)  and in a much more pessimistic one(every character is either acting maliciously or exclusively out of self interest), and then i looked at the letterboxd reviews and there were so many reviews arguing that one interpretation was the objectively correct one/other people shouldn’t interpret it in a certain way and it’s just like dude come on you JUST watched a movie about this exact thing 

also wow perfect movie i want to make something like this",,2024-04-11
2024-04-16,Good Will Hunting,1997,https://boxd.it/6hLfMf,5,,"joins the elite club of movies that have gotten me out of my seat since i got to college 
1. fast and furious tokyo drift (cool cars)
2. oldboy (nasty)
3. good will hunting ( :( )",,2024-04-15
2024-04-24,Capturing the Friedmans,2003,https://boxd.it/6kVoTB,3.5,,horrifying wow,film 101,2024-04-23
2024-05-16,Good Will Hunting,1997,https://boxd.it/6tWli1,5,Yes,they just don’t make ‘em like this anymore,w/ peter,2024-05-15
2024-05-28,The Equalizer,2014,https://boxd.it/6z0LgD,3.5,,awesome to me in the same way that call of duty montages were to people in like 2012,,2024-05-28
2024-05-29,Anatomy of a Fall,2023,https://boxd.it/6zkzVz,4,,for most of this i was just thinking oh this is a cool movie and then it shifts daniel nearly kills his dog with aspirin and he cries and you see how much everything that’s going on is affecting him and ouuuuuu this one has the juice,,2024-05-28
2024-05-29,The Lighthouse,2019,https://boxd.it/6zp2hB,5,,"(in chronological order)
what’s up with dudes?
dudes rock! 
dudes crazy!
dudes, crazy. 
uhhhh dudes?
oh man :(",,2024-05-29
2024-06-03,Inside Man,2006,https://boxd.it/6BlMuB,5,,when the modern film noir got jazz and hats >>>>>,,2024-06-02
2024-06-04,Starship Troopers,1997,https://boxd.it/6BLbYh,4,,i’ve heard fade into you get played in movies/tv shows at least two or three times this week but this one seemed like an extra odd choice,,2024-06-03
2024-06-06,No Country for Old Men,2007,https://boxd.it/6CArkJ,4.5,,i love when movies end and i’m like damn (x2),w/ peter,2024-06-05
2024-06-08,The Holdovers,2023,https://boxd.it/6DmX2X,4,,i gotta give it up this is probably the peak of family watch together movies,w/ the parents,2024-06-08
2024-06-09,Dazed and Confused,1993,https://boxd.it/6DJe41,5,,"i’m no richard but i’m still tryin to link later……. saw my richard and now we’re gonna link later……. call me richard the way i’m gonna play a zelda game with link later…….

totally rips it’s got all the juice and then some more",w/ the parents,2024-06-08
2024-06-11,A Clockwork Orange,1971,https://boxd.it/6EAfCJ,4.5,,"the two most evil kinds of people, rapists and psychologists",,2024-06-10
2024-06-23,Star Wars,1977,https://boxd.it/6Jlg9X,4.5,Yes,i love it when the things i like hold up,"w/ carson, w/ jaelyn, w/ amelia",2024-06-23
2024-06-29,Heat,1995,https://boxd.it/6LBEyH,4.5,,watched this with my dad while my mom is away for the weekend and i can confirm that this is the most “watch with your dad while your mom is away for the weekend” movie ever made,w/ the parents,2024-06-28
2024-07-15,Pan's Labyrinth,2006,https://boxd.it/6SqQvV,4.5,,wow woah  wowowow,,2024-07-13
2024-08-16,Taxi Driver,1976,https://boxd.it/76Tl6J,4,,"i sit, surrounded by a large circle of people. the conversation is flowing and we are relaxed. for a moment i have a thought that interrupts whatever it is i was saying. as i take this moment to ponder, the conversation falls into a lull. laughter and shouts turn to hushed murmurs, as everyone waits for my thought to escape, so that they too may join and revel in it. i look up to the people as a gasp flies out of my mouth. anyone left uncaring in the crowd now turns to me, silent and waiting for the next word. 

“i’m bickle rick” 

everyone boos and two guys i’ve never met beat the shit out of me. i leave, chuckling to myself all the way home.",,2024-08-15
2024-08-18,Godzilla Minus One,2023,https://boxd.it/77NfST,5,Yes,i always wonder what godzilla is doing when we don’t see him and he’s not in transit because when he’s just stanced in the water it looks so unnatural. does he always do that?? does he chill on land? does he go underwater?? how does he sleep?? what’s he do for fun?,w/ the parents,2024-08-17
2024-08-18,Bottle Rocket,1996,https://boxd.it/77RCix,4,,i giggled multiple times which is always a good sign! i think i would have identified with it more if i waited to watch it until i was either voluntarily in a mental hospital for a little bit or around 23 years old which seem like pretty equally 5/10 experiences that i think this movie captured well?,,2024-08-18
2024-08-22,Bottoms,2023,https://boxd.it/79zoVR,4.5,,no celebrity crush could ever compare to how cool i think it would be if ayo edibiri was my friend,,2024-08-21
2024-08-22,10 Cloverfield Lane,2016,https://boxd.it/79CV4R,3,,"every writing choice in this movie felt it “made sense” and i kept going oh yeah i guess you kind of needed that to happen, and i can’t tell if that means it was well written or lazy 

mary elizabeth winstead = super cool person",,2024-08-21
2024-10-13,Porco Rosso,1992,https://boxd.it/7xdAWT,5,Yes,the pig makes me :))),,2024-10-12
2024-12-10,Spectre,2015,https://boxd.it/80ZZOR,3,,daniel craig aura compilation,,2024-12-09
2024-12-18,Donnie Darko,2001,https://boxd.it/85fMML,4.5,,"theres a decently sized bucket of movies i’d label as annoying film bro movies that i like just a teeny bit less than the stereotypical movie guy but still really like and this one slots right in there 

donnie says the word chud lol",solo dolo,2024-12-18
2024-12-20,Watchmen,2009,https://boxd.it/85XUUV,2,,ugh,solo dolo,2024-12-19
2024-12-20,Civil War,2024,https://boxd.it/860XJn,3,,photography is lame,,2024-12-19
2024-12-20,Train to Busan,2016,https://boxd.it/867Aeb,4.5,,sad from a zombie movie,solo dolo,2024-12-19
2024-12-21,The Wicker Man,1973,https://boxd.it/86uqi9,3.5,,thought it was gonna be about baskets :(,,2024-12-20
2025-01-03,In the Mood for Love,2000,https://boxd.it/8hTgT9,5,Yes,nat king cole soundtrack been stuck in my head for about a week,fam,2025-01-02
2025-01-04,Batman Begins,2005,https://boxd.it/8iE01T,3,,why do we fall? so we can learn to pick ourselves back up again. batman begin,,2025-01-03
2025-01-04,The Dark Knight,2008,https://boxd.it/8iExUR,5,,was supposed to watch gladiator to go see gladiator two but watched batman begins in the morning and it made me feel nothing but a desire to watch batman 2,solo dolo,2025-01-03
2025-01-04,Gladiator II,2024,https://boxd.it/8iFASB,3.5,,shark in da coliseum 🦈🦈🦈,"w/ amelia, theater",2025-01-03
2025-01-04,Blade Runner,1982,https://boxd.it/8iGPVR,4.5,,if i was ridley scott i would make a remastered version where nothing changed except the fact that it takes place in 2019,w/ the parents,2025-01-03
2025-01-05,Past Lives,2023,https://boxd.it/8k2cDH,5,,mentioned the other day how i don’t cry at movies much #whoops #lying,,2025-01-04
2025-01-07,Inception,2010,https://boxd.it/8lYtEd,3,,this and interstellar are the two classic movies that i say i haven’t watched and people go “you haven’t watched that????? i thought you were a film guy!! ooohhhhhh you gotta watch it dude” so maybe my expectations were a bit high but it felt kinda juiceless for most of the runtime,solo dolo,2025-01-06
2025-01-07,Call Me by Your Name,2017,https://boxd.it/8mbKrL,4.5,,too much to say about this one to go on letterboxd sadly,,2025-01-06
2025-01-11,10 Things I Hate About You,1999,https://boxd.it/8qboUR,5,Yes,cant take my eyes off you scene should be put in a museum somewhere,,2025-01-10
2025-01-27,Airplane!,1980,https://boxd.it/8D4oY3,4,,all timer,"w/ avi, w/ harley, w/ hamraj",2025-01-26
2025-01-27,Casino Royale,2006,https://boxd.it/8D4vNB,4.5,,has all the juice,,2025-01-26
2025-02-15,Raising Arizona,1987,https://boxd.it/8Q562J,5,Yes,ordered whataburger and watched this movie then realized i last logged it 365 days ago. holiday created by villains as far as im concerned,,2025-02-15
2025-03-12,Blade Runner 2049,2017,https://boxd.it/96nLe7,5,,i love seeing david dastmalchian in stuff and going “ohhhh that’s the guy from that one scene in the dark knight what’s his name” and then i look him up after and remember his name,w/ the parents,2025-03-12
2025-05-14,The Royal Tenenbaums,2001,https://boxd.it/9GUiRf,4,,nice haircut luke wilson !,w/ amelia,2025-05-13
2025-06-05,Mission: Impossible – The Final Reckoning,2025,https://boxd.it/9TYSBH,3.5,,activated like a loser sleeper agent when i heard them say the bends,theater,2025-06-04
2025-06-14,Hot Tub Time Machine,2010,https://boxd.it/9ZXiLD,2,,it was all worth it for motley lue,,2025-06-14
2025-06-23,The Prestige,2006,https://boxd.it/a5Zc13,2.5,,r/im14andthisdeep?? idk maybe it’s me,airplane,2025-06-23
2025-06-23,Midnight in Paris,2011,https://boxd.it/a5ZhLP,4.5,,my type of movie!,airplane,2025-06-23
2025-06-23,Mickey 17,2025,https://boxd.it/a5Zl1r,4.5,,hell of a good time keep the voices up dude,,2025-06-23
2025-06-23,Now You See Me 2,2016,https://boxd.it/a5ZmQF,2.5,,later fast and furious movies are awesome for the inverse reason that this sucks,,2025-06-23
2025-06-23,How to Train Your Dragon,2025,https://boxd.it/a5Zshh,,,i hate like everything about the existence of these live action remakes but this one wasn’t bad,theater,2025-06-23
2025-07-12,Nightcrawler,2014,https://boxd.it/aiOxBr,3,,"what the hell he’s not literally me at all 

“video production news” awesome name man where’d you get it in the clearance bin at the name store",,2025-07-12
2025-07-24,Juror #2,2024,https://boxd.it/arM1xz,2.5,,reminded me of when my stupid awesome australia roommate would take two sets of leftover ingredients from meals we had previously made and just try using them. yeah peanut butter and jelly(12 angry men) is great and corn tortillas(anatomy of a fall) are yummy for taco night and they’re kinda similar-ish to bread but you can’t just throw them together and expect it to be a good pb&j or an interesting movie. fuck you will 2 and a half stars for the things you did on leftovers nights no sane human would think of the things you did,airplane,2025-07-23
2025-07-24,Once Upon a Time... in Hollywood,2019,https://boxd.it/arMtLz,2.5,,i don’t like me watching movies turning into me psychoanalyzing directors but really hard for me to come away from this one without thinking that this movie exists bc tarantino is really insecure about a bunch of stuff. I had waaay too many thoughts on this one for a movie i don’t have a super strong opinion on and i can’t tell if it’s because i understood it and am not interested or because i didn’t understand it.,airplane,2025-07-23
2025-07-24,Jurassic Park,1993,https://boxd.it/arMFX3,4.5,,timeless! sometimes you gotta just play the hits,airplane,2025-07-23
2025-07-26,Chungking Express,1994,https://boxd.it/atLiNv,5,,"good lord wong kar wai is stupidly good at capturing all the melancholic feelings the world has to offer!! poetry in motion! 

faye wong is ridiculous here and perhaps my reading is wrong because i just got back from a few days in a city where i effectively spent most of my time alone listening to the same few songs, but i think she is perfectly capturing the anxieties/excitement/loneliness evoked by being surrounded by the hustle and bustle every day, a feeling parallel to both the relationships of both the main dudes we see devolve/evolve with their partners. there are more descriptive words to explain that but luckily i don’t need to spend the time figuring out what they are because WKW made this movie so you can just watch that(still slightly partial to in the mood for love over this one though). love how they use california dreamin but a 7 day t break from the mamas and the papas will unfortunately be necessary",w/ the parents,2025-07-25
2025-07-30,12 Angry Men,1957,https://boxd.it/ax7UEn,4.5,,henry fonda? damn right henry was fonda this movie,solo dolo,2025-07-29
2025-08-16,But I'm a Cheerleader,1999,https://boxd.it/aKo2bn,4.5,,hey this movie is pretty funny they got rupaul to be a strai WHOA isn’t that prince zuko,,2025-08-15
2025-08-18,Airplane!,1980,https://boxd.it/aM5myB,4,Yes,they just don’t make em like this anymore,,2025-08-17
2025-08-21,Weapons,2025,https://boxd.it/aO5KDX,4,,entire first half i was like no way this was made by the WKUK guy and the entire second half i was like okay this was obviously made by the WKUK guy,"w/ amelia, w/ annalise, w/ jaelyn, w/ eli",2025-08-20
2025-10-20,Soleil O,1970,https://boxd.it/bqJemn,4,,tough to be in a french class that’s def above my pay grade but at least i get to watch awesome movies,,2025-10-19
2025-11-11,2 or 3 Things I Know About Her,1967,https://boxd.it/bFZkLl,3.5,,"I think a lot of issues ppl have with this movie are related to the fact that it’s hard to not sound like a loser talking about it— felt like an amazing movie a lot of the time and also really on the nose at times (a lot of the points he made probably hit way harder in 1967 to be fair). Le film était très emblématique de l’esthétique sombre de la culture française dont je comprends malheuresement l’attrait(de rien, Dr. Bornet).",film 101,2025-11-10
2025-11-28,Indiana Jones and the Temple of Doom,1984,https://boxd.it/bRxsqx,4,,got stuck between the choice to rewatch this for the millionth time w my friends and watch the second austin powers for the first time w the fam. real tough spot to put me in the night before thanksgiving,,2025-11-27
2025-11-29,Superman,2025,https://boxd.it/bROES3,4,,"i have a lot to say about this one but tldr i liked it in spite of it being very much a james gunn movie 

some thoughts for the road 
-krypto and daisy would be friends 
-political commentary was about as thinly veiled as it gets but it’s pretty cool that a movie this big can say fuck israel 
-it was awesome when they killed netanyahu
-i remember watching the guardians movies and thinking they were super cool and unique stylistically and it made me so excited to watch more james gunn movies, but then they were all just guardians of the galaxy again 
-james gunn try not to make your fight scenes all look like that with upbeat music in the background challenge 
-all these actors rule!!",,2025-11-28
2025-12-02,La Haine,1995,https://boxd.it/bUtVN5,5,,"Might be a perfect movie-- been meaning to watch this for a while and finally got a good enough excuse to throw it on (had to watch it for french class). incredibly annoyed that I can't sit around and stew in this one for the rest of the night and that I won't be able to get into it on why this movie is awesome with my french prof pq i'm buns at french. 

not sure exactly what to take away from this one but the first thoughts that popped into my head(aside from 'oh holy shit') were that we see Vinz angry over Abdel at the start of the movie and its meant to seem excessive and a little crazy- he's a character we have no attachment to, so we brush off his anger. Then when Vinz is killed, he is someone we've learned about and now that same anger and shock is passed to the audience, who hope the gunshot at the end is Hubert killing the cop. 

Because we've put a face (and some sympathy) towards Vinz, the audience is aware of and possibly complicit in the hatred that is one of many roots of the cycle of banlieue violence. It would go totally against Hubert's character and beliefs to kill that cop. One of his strongest convictions in the movie was that hate breeds hate, and he was looking to leave the banlieue, believing it was making him crazy. He wanted to leave the vicious cycle, but in order for him to shoot the cop, he would be succumbing to it, someone with a plan to get out forced to go against his beliefs and reduced to another name in a violent headline. 

Despite that, the audience is forced to hope that that's the outcome, since as we see it, the only other option is death. We are meant to think 'Jusqu’ici tout va bien' as the movie progresses, simply taking in the environment and characters- it isn't taken by the film as much more than a passing thought, but Hubert is the only character who contemplates leaving, trying to avoid the craziness they are surrounded by. No one else acknowledges the situation they are stuck in, thinking only 'so far so good', and we are then made to hope Hubert has become a killer. IMO french movies are often built on engaging directly with the audience, something La Haine accomplishes by manipulating the viewer, pulling them into the hatred and violence it condemns. ",,2025-12-02
2025-12-04,The Wolf of Wall Street,2013,https://boxd.it/bVb7W5,3.5,,a real “yeah sure that’s fair” movie- amazingly written and acted but it didn’t make me go bananas. perhaps i am weak and feeble minded like that ogre reading ulysses,solo dolo,2025-12-03
2025-12-15,Wake Up Dead Man,2025,https://boxd.it/c3vkyn,5,,"insanely heat i love when i a movie is a lot of fun and is also able to have a good bit of substance 

religion is cool!",,2025-12-14
2025-12-20,Molly's Game,2017,https://boxd.it/c87VfT,2.5,,aaron sorkin is so lucky he made moneyball,,2025-12-19
2025-12-23,Bridesmaids,2011,https://boxd.it/cbqtM1,3,,ethical copaganda,fam,2025-12-22
2025-12-24,Don't Worry Darling,2022,https://boxd.it/cc92Of,1,,“hmmm im tired of all these good movies i wanna watch something that totally sucks and is terrible”,,2025-12-23
2025-12-24,Perfect Blue,1997,https://boxd.it/ccfxXf,5,,i would probably hit the character limit on letterboxd reviews before i could finish getting my thoughts out this might be one of my favorite things ive watched but hooo boy,,2025-12-23
2025-12-30,Nocturnal Animals,2016,https://boxd.it/cjxjqP,,,sometimes people just make movies because they don’t have much better to do but that’s okay,,2025-12-29
2025-12-30,Barbarian,2022,https://boxd.it/cjxnUp,4,,only real brontë heads get this i wish i watched this back when i could’ve written an essay about it for homework,,2025-12-29
2025-12-30,The Killing of a Sacred Deer,2017,https://boxd.it/cjxrxT,,,this movie made me feel hella doubtful,,2025-12-29
2025-12-30,Five Nights at Freddy's 2,2025,https://boxd.it/cjOgqV,1,,borderline unwatchable. i hope they make 8 more,,2025-12-29
2025-12-30,One Battle After Another,2025,https://boxd.it/cjOyXj,4.5,,heard rumblings of PTA winter i see the vision,"w/ amelia, w/ jaelyn",2025-12-29
2025-12-30,This Is Spinal Tap,1984,https://boxd.it/cjOKev,4,,very much a dad pick real heater tho,w/ the parents,2025-12-29
2025-12-31,The Naked Gun,2025,https://boxd.it/ckhaFX,4,,cam thomas and michael porter jr,,2025-12-30
2025-12-31,Interstellar,2014,https://boxd.it/ckWYAv,4,,theres a movie asshole angel and a devil on my shoulder and they’ve never argued harder about something i’ve watched,fam,2025-12-30
2026-01-02,Fallen Angels,1995,https://boxd.it/cnoC89,5,,"“I wish I could tell her some problems can't be solved over the phone. You meet the guy face to face and talk it out, or, if that fails, you punch him in the nose. Too bad I couldn't put it into words. But she seemed to somehow understand anyway.” 

i love wkw movies but always struggle to talk about them because they’re all about loneliness and normally some kind of failed romance which is sometimes interesting and sometimes an extremely tired subject. he almost beats you over the head with the subject at times, it is blunt and constant, but importantly(and somewhat miraculously) never repetitive. to me the wong kar wai treatment is him taking a unique angle to capture a deeply human feeling feeling of sadness, and still finding a bit of optimism in the cracks. he’s not at all someone who makes optimistic movies in my eyes but his ability to find a glimmer of comfort in something sad is unrivaled. he should direct every movie and get every award for the rest of time",,2026-01-01
2026-01-02,When Harry Met Sally...,1989,https://boxd.it/cnx4YN,4.5,,“i thought this harry guy was a real shithead but i guess he’s starting to come arou— WOAH that’s carrie fisher i didn’t even notice i had no clue she was in this”,,2026-01-02
2026-01-06,House,1977,https://boxd.it/ctFUoH,4,,where was the doctor,w/ amelia,2026-01-05
2026-01-08,Good Time,2017,https://boxd.it/cvNwwV,4,,some movies you just shouldn’t watch in the morning,,2026-01-07
2026-01-09,Persona,1966,https://boxd.it/cxcZON,5,,"maybe the best film ever made?? feels like it does everything possible and does it perfectly, the kind of movie that makes you want to make a movie",,2026-01-08
2026-01-26,Bugonia,2025,https://boxd.it/cQ01b9,4,,"i’ve only seen two of his movies, but yorgos is one of the only directors who i see making sorta high concept stuff where i can overlook being disinterested in what he’s saying thematically compared to stuff like style and aesthetic that i think he does way better. need to watch more his stuff so i can get a more informed opinion! girlfriend did not know who stavros was and i struggled to find the words that explain why i was so excited he’s in this lol",,2026-01-26
2026-01-29,Prospero's Books,1991,https://boxd.it/cSnH8l,,,?? good maybe? hard to fully get this one,,2026-01-28
2026-02-14,Hereditary,2018,https://boxd.it/d7praT,,,didn’t pull me in but also one i would be interested in rewatching so tough to review,,2026-02-13
2026-02-28,Zoolander,2001,https://boxd.it/dkH7BD,4,Yes,holy mog,,2026-02-27
2026-04-19,The Silence of the Lambs,1991,https://boxd.it/e28g0H,5,Yes,"first movie of a crazy double feature i think showing avi movies that make him tweak is my new favorite pastime 

was very appreciative upon rewatch of the fact that it felt like this movie was aggressively critiquing violence against women / misogyny and not reveling in it like a lot of worse modern stuff does","w/ avi, w/ evan, w/ ethan",2026-04-19
2026-04-19,Your Name.,2016,https://boxd.it/e28loz,4.5,Yes,second movie in the double feature nearly got whiplash from the switch in vibes but such a visually beautiful movie it’s so easy to get immersed,w/ amelia,2026-04-19
2026-05-02,Midsommar,2019,https://boxd.it/ecfZnv,3,,florence pugh is the cade cunningham of movies,,2026-05-01
2026-05-02,Longlegs,2024,https://boxd.it/ecmhVH,3,,your last name is camera 😭😭😭,,2026-05-02
2026-06-03,Blue Velvet,1986,https://boxd.it/eCAUhN,4.5,,watched this after finishing twin peaks season 1 and damn david lynch loves writing characters that cheat all the time and people in horrible situations at nightclubs but he’s kinda the goat,,2026-06-02
2026-06-16,Obsession,2025,https://boxd.it/eNQ5zR,4.5,,"girlfriend was enjoying the movie i was TWEAKED tf out the whole time

obviously really scary but this is one of the only movies i’ve watched and had a visceral reaction to, obviously possessed nikki is creepy but the presence of real nikki trying to push back and eventually giving up was the glue for 90% of the good horror (the initial jumpscare where she freaks tf out when in bed with him the first time is maybe the most i’ve ever jumped at a movie and just sets you up to be on the edge of your seat the entire movie, and the one of nikki sleeping toward the climax is probably the toughest to watch). 

horror centering on the loss of autonomy is nothing new, but the person doing it being a friend instead of like evilgod the demon from hell is a fun twist— bear is totally a victim here too but the way he misinterprets that victimhood is interesting. A much less compelling movie that i would want to see is if it wasn’t the fucked-up wish trope and nikki falls in normal love w bear but is still ‘trapped’ as possessed nikki. Bear clearly regrets making the wish almost immediately, but he neglects this bc he has what he wants until she cooks the cat etc etc. 

I think the thing that sat with me the most after leaving was wondering how that version would go, how nikki’s temporary freak-outs look, how bear reacts to it, if the people around them would still find it as weird as they do. idk if this is a hot take or not but i feel like that version, even if not as scary, retains about 90% of the stuff about this movie that freaked me the fuck out TLDR possession is freaky","w/ amelia, plaza, theater",2026-06-15
2026-07-21,Anatomy of a Fall,2023,https://boxd.it/fl1gRV,5,Yes,great movie but if you catch me on a day trip where i’m not in the mood for french people 1 star,,2026-07-20
2026-07-29,Glengarry Glen Ross,1992,https://boxd.it/fvjam9,4,,"“Don’t let yourself get attached anything you are not willing to walk out on in 30 seconds flat if you feel the Glengarry Glen Ross around the corner”

it definitely falls into the same category but is this <a href=""https://boxd.it/6LBEyH"" title=""Heatslop"">Heatslop</a> or a Heatgem?? My mom who was in attendance for this one was asleep for most of the first half but i liked it. Watching Alec Baldwin felt like i was tracing back the lineage of those instagram reels claude ai method guys to their first origins",w/ the parents,2026-07-28
2026-07-29,The Odyssey,2026,https://boxd.it/fvlxIB,4,,"i hear they just shoveled peptides and tren into matt damon like a duck for foie gras so that he’d look like that 

glad i did the nerd thing and saw this in 70mm imax because if not i might’ve put on the hater goggles and lab coat— was expecting nolan to deliver on narrative and spectacle and fall flat on dialogue but didn’t realize how polarized those ends would be (i might’ve been less annoyed by this but dear god i watched batman begins recently why do they talk the same in that). that said any movie that can make 3 hours in a theater go by quick is doing lotsa stuff right. tom holland why are you here quit or do something less successful",w/ amelia,2026-07-25
2026-08-01,The Bourne Identity,2002,https://boxd.it/fyHBN7,4,Yes,this movie rules so hard 13 year old me really was tapped in,,2026-07-31
