Date,Name,Year,Letterboxd URI
2020-04-06,Joker,2019,https://boxd.it/h4cS
2020-04-06,Mad Max: Fury Road,2015,https://boxd.it/2DjO
2020-04-06,Jojo Rabbit,2019,https://boxd.it/iEBG
2020-04-06,1917,2019,https://boxd.it/jj4y
2020-04-06,Birdman or (The Unexpected Virtue of Ignorance),2014,https://boxd.it/5RFA
2020-04-06,Logan,2017,https://boxd.it/7Piy
2020-04-06,The Irishman,2019,https://boxd.it/dYOq
2020-04-06,BlacKkKlansman,2018,https://boxd.it/hxL8
2020-04-06,The Godfather Part II,1974,https://boxd.it/2aNq
2020-04-06,Saving Private Ryan,1998,https://boxd.it/29ro
2020-04-06,Die Hard,1988,https://boxd.it/2a7u
2020-04-06,Mission: Impossible – Fallout,2018,https://boxd.it/bSVc
2020-04-06,Hot Fuzz,2007,https://boxd.it/2416
2020-04-06,Ad Astra,2019,https://boxd.it/ePzI
2020-04-06,E.T. the Extra-Terrestrial,1982,https://boxd.it/2a1G
2020-04-06,Venom,2018,https://boxd.it/b8wA
2020-04-06,Ford v Ferrari,2019,https://boxd.it/ce74
2020-04-06,Terminator 2: Judgment Day,1991,https://boxd.it/2aGY
2020-04-06,Superbad,2007,https://boxd.it/20hO
2020-04-06,Man of Steel,2013,https://boxd.it/FRk
2020-04-06,Scarface,1983,https://boxd.it/2b7g
2020-04-06,"The Good, the Bad and the Ugly",1966,https://boxd.it/2ape
2020-04-06,In Bruges,2008,https://boxd.it/20n8
2020-04-06,Kingsman: The Golden Circle,2017,https://boxd.it/buJm
2020-04-06,Kong: Skull Island,2017,https://boxd.it/9ewM
2020-04-06,Prometheus,2012,https://boxd.it/2s9e
2020-04-06,Dawn of the Planet of the Apes,2014,https://boxd.it/3XyQ
2020-04-06,The Incredible Hulk,2008,https://boxd.it/28dU
2020-04-06,War for the Planet of the Apes,2017,https://boxd.it/8FE2
2020-04-06,Alien: Covenant,2017,https://boxd.it/49UY
2020-04-06,Doctor Sleep,2019,https://boxd.it/i5vI
2020-04-06,"O Brother, Where Art Thou?",2000,https://boxd.it/2b3I
2020-04-06,A Beautiful Mind,2001,https://boxd.it/2amk
2020-04-06,I Am Legend,2007,https://boxd.it/21DG
2020-04-06,Cast Away,2000,https://boxd.it/20i8
2020-04-06,Zombieland: Double Tap,2019,https://boxd.it/bgb6
2020-04-06,Lilo & Stitch,2002,https://boxd.it/1TAY
2020-04-06,The King of Comedy,1982,https://boxd.it/2aJS
2020-04-06,How to Train Your Dragon 2,2014,https://boxd.it/2TRW
2020-04-06,Star Trek Beyond,2016,https://boxd.it/5Ik4
2020-04-06,The Death of Stalin,2017,https://boxd.it/ea9Y
2020-04-06,The Matrix Reloaded,2003,https://boxd.it/2a1c
2020-04-06,Transformers,2007,https://boxd.it/280c
2020-04-06,Straight Outta Compton,2015,https://boxd.it/8rMc
2020-04-06,King Kong,2005,https://boxd.it/2aLa
2020-04-06,Bumblebee,2018,https://boxd.it/f21O
2020-04-06,Dolemite Is My Name,2019,https://boxd.it/je6E
2020-04-06,Signs,2002,https://boxd.it/26t2
2020-04-06,The Matrix Revolutions,2003,https://boxd.it/2a12
2020-04-06,Ocean's Twelve,2004,https://boxd.it/2aZ2
2020-04-06,The Godfather Part III,1990,https://boxd.it/2aN6
2021-06-12,One Flew Over the Cuckoo's Nest,1975,https://boxd.it/2aeA
2021-06-12,Cape Fear,1991,https://boxd.it/28vu
2021-06-12,Tenet,2020,https://boxd.it/leq4
2021-06-12,Inglourious Basterds,2009,https://boxd.it/1JzG
2021-06-12,Cool Hand Luke,1967,https://boxd.it/29jY
2021-07-20,Howl's Moving Castle,2004,https://boxd.it/23De
2021-07-20,The Iron Giant,1999,https://boxd.it/1Wow
2021-07-21,Speed,1994,https://boxd.it/28qk
2021-07-22,Paddington 2,2017,https://boxd.it/bCF8
2022-03-08,Free Guy,2021,https://boxd.it/k8dm
2022-03-08,Neon Genesis Evangelion: The End of Evangelion,1997,https://boxd.it/1GRM
2022-09-15,The Whale,2022,https://boxd.it/tw4c
2022-11-10,All Quiet on the Western Front,2022,https://boxd.it/H08
2023-02-12,Tenacious D in The Pick of Destiny,2006,https://boxd.it/27go
2023-02-19,The Fabelmans,2022,https://boxd.it/ugoM
2023-02-20,Eraserhead,1977,https://boxd.it/299u
2023-02-20,The Elephant Man,1980,https://boxd.it/27LQ
2023-03-08,Possession,1981,https://boxd.it/1BPm
2023-03-08,Shoplifters,2018,https://boxd.it/ifY6
2023-03-08,The Life Aquatic with Steve Zissou,2004,https://boxd.it/2aqw
2023-05-12,Adaptation.,2002,https://boxd.it/26mA
2023-06-14,The Bird with the Crystal Plumage,1970,https://boxd.it/1DDW
2023-06-14,The Host,2006,https://boxd.it/28ZY
2023-06-14,"Synecdoche, New York",2008,https://boxd.it/23zw
2023-08-01,Amélie,2001,https://boxd.it/2aUc
2023-08-01,Into the Wild,2007,https://boxd.it/22m2
2023-08-01,Requiem for a Dream,2000,https://boxd.it/29VI
2023-08-03,The Box,2009,https://boxd.it/1zZO
2023-08-03,The Stone Wedding,1973,https://boxd.it/7bqi
2023-08-03,Flame & Citron,2008,https://boxd.it/1ZFU
2023-08-04,The Cabin in the Woods,2011,https://boxd.it/1zOc
2023-08-04,Eyes Wide Shut,1999,https://boxd.it/2axs
2023-08-05,EO,2022,https://boxd.it/txhc
2023-08-08,Oblivion,2013,https://boxd.it/2Bzq
2023-08-09,Holy Motors,2012,https://boxd.it/3wai
2023-08-09,Inland Empire,2006,https://boxd.it/28d6
2023-08-11,The Mist,2007,https://boxd.it/22r2
2023-08-11,The Rocky Horror Picture Show,1975,https://boxd.it/1a3q
2023-08-12,Underwater,2020,https://boxd.it/fN4q
2023-08-12,The Cave,2005,https://boxd.it/1Zjk
2023-08-12,The Fly,1986,https://boxd.it/1YIe
2023-08-12,Portrait of a Lady on Fire,2019,https://boxd.it/jkPq
2023-09-09,City of God,2002,https://boxd.it/2a2a
2023-12-14,Wonka,2023,https://boxd.it/tCQm
2023-12-14,The Boy and the Heron,2023,https://boxd.it/ipeM
2023-12-16,Bellflower,2011,https://boxd.it/jM8
2023-12-19,Come and See,1985,https://boxd.it/1w9q
2023-12-19,Clue,1985,https://boxd.it/1MDQ
2023-12-19,High and Low,1963,https://boxd.it/1RSc
2023-12-19,Harakiri,1962,https://boxd.it/1NTU
2023-12-19,Grave of the Fireflies,1988,https://boxd.it/1RUM
2023-12-19,Charade,1963,https://boxd.it/23O2
2023-12-19,Cinema Paradiso,1988,https://boxd.it/1UlA
2024-01-10,A Man Called Otto,2022,https://boxd.it/zl06
2024-01-16,Memories of Murder,2003,https://boxd.it/1TSo
2024-02-15,Easy A,2010,https://boxd.it/17DK
2024-02-26,The Iron Claw,2023,https://boxd.it/w5Pm
2024-03-21,Barry Lyndon,1975,https://boxd.it/25A2
2024-03-24,Being John Malkovich,1999,https://boxd.it/2ahu
2024-03-28,Happy Anniversary,1962,https://boxd.it/4tFY
2024-03-28,The Thin Blue Line,1988,https://boxd.it/1OnK
2024-04-01,The Long Goodbye,1973,https://boxd.it/281O
2024-04-03,Boyz n the Hood,1991,https://boxd.it/29Ug
2024-04-04,Kill Bill: Vol. 2,2004,https://boxd.it/2au4
2024-04-09,Monkey Man,2024,https://boxd.it/kvsO
2024-04-11,Sepet,2004,https://boxd.it/YQA
2024-04-11,Naked Lunch,1991,https://boxd.it/26ow
2024-04-11,Videodrome,1983,https://boxd.it/29uC
2024-04-14,Rosemary's Baby,1968,https://boxd.it/29zM
2024-04-18,Hundreds of Beavers,2022,https://boxd.it/CyUM
2024-04-26,The Zone of Interest,2023,https://boxd.it/gJsA
2024-04-28,Midnight Cowboy,1969,https://boxd.it/25Hi
2024-05-15,Kingdom of the Planet of the Apes,2024,https://boxd.it/ohEE
2024-05-15,Challengers,2024,https://boxd.it/zld0
2024-05-29,Stalker,1979,https://boxd.it/28PO
2024-06-06,Pacific Rim,2013,https://boxd.it/2cB2
2024-06-06,The Maltese Falcon,1941,https://boxd.it/29c4
2024-06-06,Laura,1944,https://boxd.it/27Oq
2024-06-08,Mad Max 2,1981,https://boxd.it/1ZPg
2024-06-09,After Hours,1985,https://boxd.it/1VfS
2024-06-11,Hit Man,2023,https://boxd.it/ANB2
2024-06-30,There Will Be Blood,2007,https://boxd.it/20Z2
2024-07-13,Thief,1981,https://boxd.it/1TEc
2024-08-18,Suspiria,1977,https://boxd.it/1SNW
2024-08-18,Annihilation,2018,https://boxd.it/9yzm
2024-08-18,Castle in the Sky,1986,https://boxd.it/1W4G
2024-08-18,Frances Ha,2012,https://boxd.it/41Xg
2024-08-19,Delicatessen,1991,https://boxd.it/29lK
2024-08-22,No Exit,2022,https://boxd.it/vqvK
2024-08-22,Come Play,2020,https://boxd.it/kXQk
2024-08-30,Werckmeister Harmonies,2000,https://boxd.it/1zzw
2024-08-30,Breaking the Waves,1996,https://boxd.it/2b1W
2024-08-30,The Act of Killing,2012,https://boxd.it/44Cg
2024-08-30,Sherlock Jr.,1924,https://boxd.it/298m
2024-10-18,Waves,2019,https://boxd.it/jpmy
2024-10-18,Magnolia,1999,https://boxd.it/2aze
2024-12-24,Aftersun,2022,https://boxd.it/Arw0
2025-01-04,Megalopolis,2024,https://boxd.it/lPBS
2025-01-05,A Complete Unknown,2024,https://boxd.it/oBYa
2025-01-07,Pink Flamingos,1972,https://boxd.it/29NO
2025-01-10,Climax,2018,https://boxd.it/ikvo
2025-01-28,Space Is the Place,1974,https://boxd.it/1KBo
2025-02-13,The Brutalist,2024,https://boxd.it/k4BO
2025-02-13,Conclave,2024,https://boxd.it/AO8q
2025-02-13,Anora,2024,https://boxd.it/Egcw
2025-02-28,Pokémon Concierge,2023,https://boxd.it/KrNU
2025-03-15,Wallace & Gromit: Vengeance Most Fowl,2024,https://boxd.it/z14C
2025-04-08,A Minecraft Movie,2025,https://boxd.it/zRro
2025-05-04,Until Dawn,2025,https://boxd.it/KOb0
2025-05-21,Caddo Lake,2024,https://boxd.it/wDSu
2025-06-11,Drive,2011,https://boxd.it/IG
2025-06-14,American Honey,2016,https://boxd.it/bk7C
2025-06-24,Rushmore,1998,https://boxd.it/1TAO
2025-07-05,Tangerine,2015,https://boxd.it/9QRe
2025-07-15,"As Above, So Below",2014,https://boxd.it/7yui
2025-07-24,Eddington,2025,https://boxd.it/o6MC
2025-07-30,Jennifer's Body,2009,https://boxd.it/1Efw
2025-08-05,Zardoz,1974,https://boxd.it/23Fa
2025-08-05,Eastern Condors,1987,https://boxd.it/2c48
2025-09-05,Fantastic Planet,1973,https://boxd.it/1KnQ
2025-10-15,The Scooby-Doo Project,1999,https://boxd.it/eYtO
2025-10-15,The Smashing Machine,2025,https://boxd.it/syUC
2025-12-14,"Paris, Texas",1984,https://boxd.it/29Ts
2025-12-24,"Three Billboards Outside Ebbing, Missouri",2017,https://boxd.it/ceBS
2025-12-24,The Witch,2015,https://boxd.it/9X0m
2026-01-09,Uncle Boonmee Who Can Recall His Past Lives,2010,https://boxd.it/168Q
2026-01-09,The Seventh Seal,1957,https://boxd.it/2ahO
2026-01-10,Hamnet,2025,https://boxd.it/woVy
2026-01-10,Masculin Féminin,1966,https://boxd.it/23UY
2026-01-10,Happy Together,1997,https://boxd.it/1Ha0
2026-01-10,Days of Being Wild,1990,https://boxd.it/1HbC
2026-01-11,Lost Highway,1997,https://boxd.it/29Wc
2026-01-21,Wieland,2024,https://boxd.it/K6HQ
2026-01-27,No Other Choice,2025,https://boxd.it/nKiA
2026-01-28,Her,2013,https://boxd.it/4O24
2026-01-28,The Hurt Locker,2008,https://boxd.it/1Soi
2026-02-05,Iron Lung,2026,https://boxd.it/GdtI
2026-02-05,Frankenstein,2025,https://boxd.it/Ecsg
2026-02-07,Sentimental Value,2025,https://boxd.it/GwcG
2026-02-09,Beau Is Afraid,2023,https://boxd.it/u2gE
2026-02-09,Creep,2014,https://boxd.it/7l4c
2026-02-09,Silent Hill,2006,https://boxd.it/2a3C
2026-02-09,Cure,1997,https://boxd.it/1blA
2026-02-11,A Few Good Men,1992,https://boxd.it/29nw
2026-04-17,Inside Llewyn Davis,2013,https://boxd.it/34Ro
2026-04-18,Nirvanna the Band the Show the Movie,2025,https://boxd.it/HG9a
2026-05-05,The Devil Wears Prada,2006,https://boxd.it/2awE
2026-05-11,The Right Time,,https://boxd.it/12Mji
2026-05-12,Kiki's Delivery Service,1989,https://boxd.it/1JAY
2026-05-13,The Fifth Element,1997,https://boxd.it/71k
2026-06-14,Disclosure Day,2026,https://boxd.it/MDJY
2026-06-16,American Beauty,1999,https://boxd.it/71Y
2026-07-29,Hannibal,2001,https://boxd.it/1XVc
2026-08-05,undertone,2025,https://boxd.it/UXeM
